Prozessschritt,Hersteller,Beschreibung,Leistung,Einheit,Durchsatzleistung,Einheit2,Emissionen,Einheit3,Strommix Deutschland,Einheit42,Andere Betriebsmittel,Über-Kategorie,Unter-Kategorie,Kunststoffe,Kommentare,Quellen,,,
Sacköffner,BRT HARTNER,BO 13,36,kW,10000,kg/h,0.0013176,kg CO2eq pro kg,0.366,kg CO2eq pro kWh,,"Öffnen, Auflösen",Sacköffner,Leichtverpackungen,,https://www.eggersmann-recyclingtechnology.com/fileadmin/media/Broschueren/BRT_HARTNER_Brochure_DE_Web.pdf?,,,
Sacköffner,BRT HARTNER,BO 13,36,kW,24000,kg/h,0.000549,kg CO2eq pro kg,0.366,kg CO2eq pro kWh,,"Öffnen, Auflösen",Sacköffner,Hausmüll,,https://www.eggersmann-recyclingtechnology.com/fileadmin/media/Broschueren/BRT_HARTNER_Brochure_DE_Web.pdf?,,,
Sacköffner,BRT HARTNER,BO 17,43,kW,13000,kg/h,0.001210615385,kg CO2eq pro kg,0.366,kg CO2eq pro kWh,,"Öffnen, Auflösen",Sacköffner,Leichtverpackungen,,https://www.eggersmann-recyclingtechnology.com/fileadmin/media/Broschueren/BRT_HARTNER_Brochure_DE_Web.pdf?,,,
Sacköffner,BRT HARTNER,BO 17,43,kW,36000,kg/h,0.0004371666667,kg CO2eq pro kg,0.366,kg CO2eq pro kWh,,"Öffnen, Auflösen",Sacköffner,Hausmüll,,https://www.eggersmann-recyclingtechnology.com/fileadmin/media/Broschueren/BRT_HARTNER_Brochure_DE_Web.pdf?,,,
Sacköffner,BRT HARTNER,BO 23,52,kW,20000,kg/h,0.0009516,kg CO2eq pro kg,0.366,kg CO2eq pro kWh,,"Öffnen, Auflösen",Sacköffner,Leichtverpackungen,,https://www.eggersmann-recyclingtechnology.com/fileadmin/media/Broschueren/BRT_HARTNER_Brochure_DE_Web.pdf?,,,
Sacköffner,BRT HARTNER,BO 23,52,kW,50000,kg/h,0.00038064,kg CO2eq pro kg,0.366,kg CO2eq pro kWh,,"Öffnen, Auflösen",Sacköffner,Hausmüll,,https://www.eggersmann-recyclingtechnology.com/fileadmin/media/Broschueren/BRT_HARTNER_Brochure_DE_Web.pdf?,,,
Ballenauflöser,HERBOLD,BA 63-130-2,24.2,kW,2000,kg/h,0.0044286,kg CO2eq pro kg,0.366,kg CO2eq pro kWh,,"Öffnen, Auflösen",Ballenauflöser,,,https://www.herbold.com/wp-content/uploads/pdf/datenblaetter-2019/43-Ballenaufloeser/Herbold-Meckesheim-Infoblatt-Ballenaufloeser_DE.pdf,,,
Ballenauflöser,HERBOLD,BA 63-130-2,30,kW,3000,kg/h,0.00366,kg CO2eq pro kg,0.366,kg CO2eq pro kWh,,"Öffnen, Auflösen",Ballenauflöser,,,https://www.herbold.com/wp-content/uploads/pdf/datenblaetter-2019/43-Ballenaufloeser/Herbold-Meckesheim-Infoblatt-Ballenaufloeser_DE.pdf,,,
Ballenauflöser,BRT HARTNER,BB,22,kW,10000,kg/h,0.0008052,kg CO2eq pro kg,0.366,kg CO2eq pro kWh,,"Öffnen, Auflösen",Ballenauflöser,,,https://www.eggersmann-recyclingtechnology.com/fileadmin/media/Broschueren/BRT_HARTNER_Brochure_DE_Web.pdf?,,,
Ballenauflöser,AMIS,AR2,44,kW,,kg/h,#DIV/0!,kg CO2eq pro kg,0.366,kg CO2eq pro kWh,,"Öffnen, Auflösen",Ballenauflöser,,,https://www.amis.de/maschine/amis-2-schnecken-ballenaufloeser-ar2/,,,
Ballenpresse,BOA,CONTINETTE - klein,22,kW,4000,kg/h,0.002013,kg CO2eq pro kg,0.366,kg CO2eq pro kWh,,"Agglomerieren, Verdichten",Ballenpresse,,,https://www.boarecycling.com/de/products/continette-de/,,,
Ballenpresse,BOA,BASELINE - mittel,23.5,kW,3500,kg/h,0.002457428571,kg CO2eq pro kg,0.366,kg CO2eq pro kWh,,"Agglomerieren, Verdichten",Ballenpresse,,,https://www.boarecycling.com/de/products/baseline-de/,,,
Ballenpresse,BOA,S-Serie,99.5,kW,8000,kg/h,0.004552125,kg CO2eq pro kg,0.366,kg CO2eq pro kWh,,"Agglomerieren, Verdichten",Ballenpresse,,,https://www.boarecycling.com/de/products/s-serie-de/,,,
Ballenpresse,BOA,IMPRESS M 60,84.6,kW,8000,kg/h,0.00387045,kg CO2eq pro kg,0.366,kg CO2eq pro kWh,,"Agglomerieren, Verdichten",Ballenpresse,,,https://www.boarecycling.com/de/products/m-serie-de/,,,
Ballenpresse,BOA,IMPRESS M 75,100.6,kW,8000,kg/h,0.00460245,kg CO2eq pro kg,0.366,kg CO2eq pro kWh,,"Agglomerieren, Verdichten",Ballenpresse,,,https://www.boarecycling.com/de/products/m-serie-de/,,,
Ballenpresse,BOA,IMPRESS D 225,479,kW,24000,kg/h,0.00730475,kg CO2eq pro kg,0.366,kg CO2eq pro kWh,,"Agglomerieren, Verdichten",Ballenpresse,,,https://www.boarecycling.com/de/products/d-serie-de/,,,
Entdrahter,BRT HARTNER,BO,15,kW,87000,kg/h,0.00006310344828,kg CO2eq pro kg,0.366,kg CO2eq pro kWh,,Trennen,Enddrahter,,,https://www.eggersmann-recyclingtechnology.com/fileadmin/media/Broschueren/BRT_HARTNER_Brochure_DE_Web.pdf?,,,
Vibrationssiebmaschine,S&F,AVS-50,1.3,kW,450,kg/h,0.001057333333,kg CO2eq pro kg,0.366,kg CO2eq pro kWh,,Trennen,Vibrationssiebmaschine,,,https://www.sf-gmbh.de/de/vibrationssiebmaschinen.html,,,
Vibrationssiebmaschine,S&F,AVS-150,3.2,kW,1200,kg/h,0.000976,kg CO2eq pro kg,0.366,kg CO2eq pro kWh,,Trennen,Vibrationssiebmaschine,,,https://www.sf-gmbh.de/de/vibrationssiebmaschinen.html,,,
Vibrationssiebmaschine,S&F,AVS-250,5,kW,2250,kg/h,0.0008133333333,kg CO2eq pro kg,0.366,kg CO2eq pro kWh,,Trennen,Vibrationssiebmaschine,,,https://www.sf-gmbh.de/de/vibrationssiebmaschinen.html,,,
Schwingsiebmaschine,S&F,ASM-200,2.2,kW,1200,kg/h,0.000671,kg CO2eq pro kg,0.366,kg CO2eq pro kWh,,Trennen,Schwingsiebmaschine,,,https://www.sf-gmbh.de/de/schwingsiebmaschinen.html,,,
Schwingsiebmaschine,S&F,ASM-400,3,kW,1800,kg/h,0.00061,kg CO2eq pro kg,0.366,kg CO2eq pro kWh,,Trennen,Schwingsiebmaschine,,,https://www.sf-gmbh.de/de/schwingsiebmaschinen.html,,,
Schwingsiebmaschine,S&F,ASM-800,7.5,kW,4800,kg/h,0.000571875,kg CO2eq pro kg,0.366,kg CO2eq pro kWh,,Trennen,Schwingsiebmaschine,,,https://www.sf-gmbh.de/de/schwingsiebmaschinen.html,,,
Schwingsiebmaschine,S&F,ASM-1200,11,kW,10500,kg/h,0.0003834285714,kg CO2eq pro kg,0.366,kg CO2eq pro kWh,,Trennen,Schwingsiebmaschine,,,https://www.sf-gmbh.de/de/schwingsiebmaschinen.html,,,
Ballistik Separator,BRT HARTNER,BS 40,11,kW,1350,kg/h,0.002982222222,kg CO2eq pro kg,0.366,kg CO2eq pro kWh,,Trennen,Ballistik Separator,,,https://www.eggersmann-recyclingtechnology.com/fileadmin/media/Broschueren/BRT_HARTNER_Brochure_DE_Web.pdf?,,,
Ballistik Separator,BRT HARTNER,BS 45,11,kW,1800,kg/h,0.002236666667,kg CO2eq pro kg,0.366,kg CO2eq pro kWh,,Trennen,Ballistik Separator,,,https://www.eggersmann-recyclingtechnology.com/fileadmin/media/Broschueren/BRT_HARTNER_Brochure_DE_Web.pdf?,,,
Ballistik Separator,BRT HARTNER,BS 60,11,kW,2700,kg/h,0.001491111111,kg CO2eq pro kg,0.366,kg CO2eq pro kWh,,Trennen,Ballistik Separator,,,https://www.eggersmann-recyclingtechnology.com/fileadmin/media/Broschueren/BRT_HARTNER_Brochure_DE_Web.pdf?,,,
NIR Flaschensortiermaschine,HERBOLD,,,,,,#DIV/0!,,0.366,,,Trennen,NIR Flaschensortiermaschine,,,https://www.herbold.com/wp-content/uploads/pdf/broschueren-2019/Waschanlagen/Herbold-Meckesheim-Broschuere-Waschanlagen_DE.pdf,,,
NIR Flakesortiermaschine,HERBOLD,,,,,,#DIV/0!,,0.366,,,Trennen,NIR Flakesortiermaschine,,,https://www.herbold.com/wp-content/uploads/pdf/broschueren-2019/Waschanlagen/Herbold-Meckesheim-Broschuere-Waschanlagen_DE.pdf,,,
Label-Entferner,HERBOLD,HLR 90/140,55,kW,4500,kg/h,0.004473333333,kg CO2eq pro kg,0.366,kg CO2eq pro kWh,,Trennen,Label Entferner,,,https://www.herbold.com/wp-content/uploads/pdf/information/57_information-de.pdf,,,
Label-Entferner,HERBOLD,HLR 120/230,75,kW,8000,kg/h,0.00343125,kg CO2eq pro kg,0.366,kg CO2eq pro kWh,,Trennen,Label Entferner,,,https://www.herbold.com/wp-content/uploads/pdf/information/57_information-de.pdf,,,
Label-Entferner,KWELL,TBJ-3000,30,kW,3000,kg/h,0.00366,kg CO2eq pro kg,0.366,kg CO2eq pro kWh,,Trennen,Label Entferner,,,https://kwellgroup.en.made-in-china.com/product/tCBJPDZOEphl/China-Automatic-High-Speed-Pet-Bottle-Label-Removing-Machine-Remover.html,,,
Label-Entferner,AMUT,DLB-10,22,kW,1000,kg/h,0.008052,kg CO2eq pro kg,0.366,kg CO2eq pro kWh,,Trennen,Label Entferner,,,https://plasticker.de/Kunststoff_News_22840_Amut_Neue_Anlage_zur_automatischen_Entfernung_von_Etiketten,,,
Label-Entferner,AMUT,DLB-30,110,kW,3000,kg/h,0.01342,kg CO2eq pro kg,0.366,kg CO2eq pro kWh,,Trennen,Label Entferner,,,https://plasticker.de/Kunststoff_News_22840_Amut_Neue_Anlage_zur_automatischen_Entfernung_von_Etiketten,,,
Label-Entferner,AMUT,DLB-60,150,kW,6000,kg/h,0.00915,kg CO2eq pro kg,0.366,kg CO2eq pro kWh,,Trennen,Label Entferner,,,https://plasticker.de/Kunststoff_News_22840_Amut_Neue_Anlage_zur_automatischen_Entfernung_von_Etiketten,,,
Einwellenschredder,HERBOLD,EWS 60/210,264,kW,6000,kg/h,0.016104,kg CO2eq pro kg,0.366,kg CO2eq pro kWh,,Zerkleinern,Einwellenschredder,,,https://www.herbold.com/wp-content/uploads/pdf/datenblaetter-2019/70-Einwellenshredder-60210/Herbold-Meckesheim-Infoblatt-Einwellenshredder_DE.pdf,,,
Einwellenzerkleinerer,ASG,DS-600,34,kW,500,kg/h,0.024888,kg CO2eq pro kg,0.366,kg CO2eq pro kWh,,Zerkleinern,Einwellenschredder,,,https://www.plasticrecyclingmachine.net/single-shaft-plastic-shredder-machines/,,,
Einwellenzerkleinerer,ASG,DS-800,49,kW,700,kg/h,0.02562,kg CO2eq pro kg,0.366,kg CO2eq pro kWh,,Zerkleinern,Einwellenschredder,,,https://www.plasticrecyclingmachine.net/single-shaft-plastic-shredder-machines/,,,
Einwellenzerkleinerer,ASG,DS-1000,79.5,kW,1000,kg/h,0.029097,kg CO2eq pro kg,0.366,kg CO2eq pro kWh,,Zerkleinern,Einwellenschredder,,,https://www.plasticrecyclingmachine.net/single-shaft-plastic-shredder-machines/,,,
Einwellenzerkleinerer,ASG,DS-1200,95.5,kW,1750,kg/h,0.01997314286,kg CO2eq pro kg,0.366,kg CO2eq pro kWh,,Zerkleinern,Einwellenschredder,,,https://www.plasticrecyclingmachine.net/single-shaft-plastic-shredder-machines/,,,
Zweiwellenzerkleinerer,ASG,SSJ400-800,44,kW,1500,kg/h,0.010736,kg CO2eq pro kg,0.366,kg CO2eq pro kWh,,Zerkleinern,Zweiwellenschredder,,,https://www.plasticrecyclingmachine.net/double-shaft-plastic-shredder-machines/,,,
Zweiwellenzerkleinerer,ASG,SSJ400-1200,60,kW,2500,kg/h,0.008784,kg CO2eq pro kg,0.366,kg CO2eq pro kWh,,Zerkleinern,Zweiwellenschredder,,,https://www.plasticrecyclingmachine.net/double-shaft-plastic-shredder-machines/,,,
Zweiwellenzerkleinerer,ASG,SSJ450-800,60,kW,3000,kg/h,0.00732,kg CO2eq pro kg,0.366,kg CO2eq pro kWh,,Zerkleinern,Zweiwellenschredder,,,https://www.plasticrecyclingmachine.net/double-shaft-plastic-shredder-machines/,,,
Zweiwellenzerkleinerer,ASG,SSJ 450-1200,90,kW,4000,kg/h,0.008235,kg CO2eq pro kg,0.366,kg CO2eq pro kWh,,Zerkleinern,Zweiwellenschredder,,,https://www.plasticrecyclingmachine.net/double-shaft-plastic-shredder-machines/,,,
Zweiwellenzerkleinerer für Fässer und Behälter,ASG,SSJD800,60,kW,1000,kg/h,0.02196,kg CO2eq pro kg,0.366,kg CO2eq pro kWh,,Zerkleinern,Zweiwellenschredder,"PP, PE",,https://www.plasticrecyclingmachine.net/double-shaft-plastic-shredder-for-pp-pe-drums-containers/,,,
Zweiwellenzerkleinerer für Fässer und Behälter,ASG,SSJD1000,74,kW,1500,kg/h,0.018056,kg CO2eq pro kg,0.366,kg CO2eq pro kWh,,Zerkleinern,Zweiwellenschredder,"PP, PE",,https://www.plasticrecyclingmachine.net/double-shaft-plastic-shredder-for-pp-pe-drums-containers/,,,
Zweiwellenzerkleinerer für Fässer und Behälter,ASG,SSJD1200,90,kW,2000,kg/h,0.01647,kg CO2eq pro kg,0.366,kg CO2eq pro kWh,,Zerkleinern,Zweiwellenschredder,"PP, PE",,https://www.plasticrecyclingmachine.net/double-shaft-plastic-shredder-for-pp-pe-drums-containers/,,,
Zweiwellenzerkleinerer für Fässer und Behälter,ASG,SSJD1400,110,kW,2500,kg/h,0.016104,kg CO2eq pro kg,0.366,kg CO2eq pro kWh,,Zerkleinern,Zweiwellenschredder,"PP, PE",,https://www.plasticrecyclingmachine.net/double-shaft-plastic-shredder-for-pp-pe-drums-containers/,,,
Einwellenzerkleinerer (11 kW),ZERMA,ZERMA ZBS,11,kW,,kg/h,#DIV/0!,kg CO2eq pro kg,0.366,kg CO2eq pro kWh,,Zerkleinern,Einwellenschredder,,!Durchsatzleistung fehlt!,https://www.amis.de/maschine/einwellen-shredder-einwellen-zerkleinerer-zerma-zbs/,,,
"Einwellenzerkleinerer (18,5 kW)",ZERMA,ZERMA ZBS,18.5,kW,,kg/h,#DIV/0!,kg CO2eq pro kg,0.366,kg CO2eq pro kWh,,Zerkleinern,Einwellenschredder,,!Durchsatzleistung fehlt!,https://www.amis.de/maschine/einwellen-shredder-einwellen-zerkleinerer-zerma-zbs/,,,
Einwellenzerkleinerer (22 kW),LINDNER,LINDNER TYP VEGA 1100 SN,22,kW,,kg/h,#DIV/0!,kg CO2eq pro kg,0.366,kg CO2eq pro kWh,,Zerkleinern,Einwellenschredder,,!Durchsatzleistung fehlt!,https://www.amis.de/maschine/einwellen-shredder-lindner-typ-vega-1100-sn/,,,
Einwellenzerkleinerer (30 kW),ZERMA,ZERMA ZHS,30,kW,,kg/h,#DIV/0!,kg CO2eq pro kg,0.366,kg CO2eq pro kWh,,Zerkleinern,Einwellenschredder,,!Durchsatzleistung fehlt!,https://www.amis.de/maschine/einwellen-shredder-einwellen-zerkleinerer-zerma-zhs/,,,
Einwellenzerkleinerer (37 kW),LINDNER,LINDNER T1500,37,kW,,kg/h,#DIV/0!,kg CO2eq pro kg,0.366,kg CO2eq pro kWh,,Zerkleinern,Einwellenschredder,,!Durchsatzleistung fehlt!,https://www.amis.de/maschine/einwellen-shredder-einwellen-zerkleinerer-lindner-t1500/,,,
Einwellenzerkleinerer (45 kW),ZERMA,ZERMA ZCS,45,kW,,kg/h,#DIV/0!,kg CO2eq pro kg,0.366,kg CO2eq pro kWh,,Zerkleinern,Einwellenschredder,,!Durchsatzleistung fehlt!,https://www.amis.de/maschine/einwellen-shredder-einwellen-zerkleinerer-zerma-zcs/,,,
Einwellenzerkleinerer (55 kW),ZERMA,ZERMA ZHS,55,kW,,kg/h,#DIV/0!,kg CO2eq pro kg,0.366,kg CO2eq pro kWh,,Zerkleinern,Einwellenschredder,,!Durchsatzleistung fehlt!,https://www.amis.de/maschine/einwellen-shredder-einwellen-zerkleinerer-zerma-zhs/,,,
Einwellenzerkleinerer (75 kW),ZERMA,ZERMA ZHS,75,kW,,kg/h,#DIV/0!,kg CO2eq pro kg,0.366,kg CO2eq pro kWh,,Zerkleinern,Einwellenschredder,,!Durchsatzleistung fehlt!,https://www.amis.de/maschine/einwellen-shredder-einwellen-zerkleinerer-zerma-zhs/,,,
Einwellenzerkleinerer (90 kW),ZERMA,ZERMA ZHS,90,kW,,kg/h,#DIV/0!,kg CO2eq pro kg,0.366,kg CO2eq pro kWh,,Zerkleinern,Einwellenschredder,,!Durchsatzleistung fehlt!,https://www.amis.de/maschine/einwellen-shredder-einwellen-zerkleinerer-zerma-zhs/,,,
Einwellenzerkleinerer (110 kW),ZERMA,ZERMA ZPS,110,kW,,kg/h,#DIV/0!,kg CO2eq pro kg,0.366,kg CO2eq pro kWh,,Zerkleinern,Einwellenschredder,,!Durchsatzleistung fehlt!,https://www.amis.de/maschine/einwellen-shredder-einwellen-zerkleinerer-zerma-zps/,,,
Einwellenzerkleinerer (150 kW),ZERMA,ZERMA ZXS,150,kW,,kg/h,#DIV/0!,kg CO2eq pro kg,0.366,kg CO2eq pro kWh,,Zerkleinern,Einwellenschredder,,!Durchsatzleistung fehlt!,https://www.amis.de/maschine/einwellen-shredder-einwellen-zerkleinerer-zerma-zxs/,,,
Einwellenzerkleinerer (180 kW),ZERMA,ZERMA ZHS,180,kW,,kg/h,#DIV/0!,kg CO2eq pro kg,0.366,kg CO2eq pro kWh,,Zerkleinern,Einwellenschredder,,!Durchsatzleistung fehlt!,https://www.amis.de/maschine/einwellen-shredder-einwellen-zerkleinerer-zerma-zhs/,,,
Zweiwellenzerkleinerer (11 kW),ZERMA,ZERMA ZM,11,kW,,kg/h,#DIV/0!,kg CO2eq pro kg,0.366,kg CO2eq pro kWh,,Zerkleinern,Zweiwellenschredder,,!Durchsatzleistung fehlt!,https://www.amis.de/maschine/2-wellen-shredder-2-wellen-zerkleinerer-zerma-typ-zm/,,,
Zweiwellenzerkleinerer (22 kW),ZERMA,ZERMA ZM,22,kW,,kg/h,#DIV/0!,kg CO2eq pro kg,0.366,kg CO2eq pro kWh,,Zerkleinern,Zweiwellenschredder,,!Durchsatzleistung fehlt!,https://www.amis.de/maschine/2-wellen-shredder-2-wellen-zerkleinerer-zerma-typ-zm/,,,
Zweiwellenzerkleinerer (30 kW),AMIS,AMIS ARS 1200,30,kW,,kg/h,#DIV/0!,kg CO2eq pro kg,0.366,kg CO2eq pro kWh,,Zerkleinern,Zweiwellenschredder,,!Durchsatzleistung fehlt!,https://www.amis.de/maschine/zweiwellen-shredder-zweiwellen-zerkleinerer-amis-ars-1200/,,,
Zweiwellenzerkleinerer (44 kW),MeWa,MeWa UC 85,44,kW,,kg/h,#DIV/0!,kg CO2eq pro kg,0.366,kg CO2eq pro kWh,,Zerkleinern,Zweiwellenschredder,,!Durchsatzleistung fehlt!,https://www.amis.de/maschine/2-wellen-shredder-typ-uc-85/,,,
Folienschreddermaschine mit beweglichem Trichter,ASG,DSY-600,30,kW,400,kg/h,0.02745,kg CO2eq pro kg,0.366,kg CO2eq pro kWh,,Zerkleinern,Folienschredder,"PP, PE",,https://www.plasticrecyclingmachine.net/plastic-film-shredder-machine-with-moveable-hopper/,,,
Folienschreddermaschine mit beweglichem Trichter,ASG,DSY-800,37,kW,550,kg/h,0.02462181818,kg CO2eq pro kg,0.366,kg CO2eq pro kWh,,Zerkleinern,Folienschredder,"PP, PE",,https://www.plasticrecyclingmachine.net/plastic-film-shredder-machine-with-moveable-hopper/,,,
Folienschreddermaschine mit beweglichem Trichter,ASG,DSY-1000,45,kW,750,kg/h,0.02196,kg CO2eq pro kg,0.366,kg CO2eq pro kWh,,Zerkleinern,Folienschredder,"PP, PE",,https://www.plasticrecyclingmachine.net/plastic-film-shredder-machine-with-moveable-hopper/,,,
Folienschreddermaschine mit beweglichem Trichter,ASG,DSY-1200,75,kW,1000,kg/h,0.02745,kg CO2eq pro kg,0.366,kg CO2eq pro kWh,,Zerkleinern,Folienschredder,"PP, PE",,https://www.plasticrecyclingmachine.net/plastic-film-shredder-machine-with-moveable-hopper/,,,
Folienschreddermaschine mit beweglichem Trichter,ASG,DSY-1400,90,kW,1500,kg/h,0.02196,kg CO2eq pro kg,0.366,kg CO2eq pro kWh,,Zerkleinern,Folienschredder,"PP, PE",,https://www.plasticrecyclingmachine.net/plastic-film-shredder-machine-with-moveable-hopper/,,,
Folienschreddermaschine mit beweglichem Trichter,ASG,DSY-1500,110,kW,2000,kg/h,0.02013,kg CO2eq pro kg,0.366,kg CO2eq pro kWh,,Zerkleinern,Folienschredder,"PP, PE",,https://www.plasticrecyclingmachine.net/plastic-film-shredder-machine-with-moveable-hopper/,,,
Folienschreddermaschine mit beweglichem Trichter,ASG,DSY-2000,160,kW,4000,kg/h,0.01464,kg CO2eq pro kg,0.366,kg CO2eq pro kWh,,Zerkleinern,Folienschredder,"PP, PE",,https://www.plasticrecyclingmachine.net/plastic-film-shredder-machine-with-moveable-hopper/,,,
Folienschreddermaschne,ASG,ES-800,30,kW,400,kg/h,0.02745,kg CO2eq pro kg,0.366,kg CO2eq pro kWh,,Zerkleinern,Folienschredder,,,https://praxistipps.chip.de/excel-zelleninhalte-tauschen_35960,,,
Folienschreddermaschne,ASG,ES-1000,37,kW,700,kg/h,0.01934571429,kg CO2eq pro kg,0.366,kg CO2eq pro kWh,,Zerkleinern,Folienschredder,,,https://praxistipps.chip.de/excel-zelleninhalte-tauschen_35961,,,
Folienschreddermaschne,ASG,ES-1200,55,kW,1000,kg/h,0.02013,kg CO2eq pro kg,0.366,kg CO2eq pro kWh,,Zerkleinern,Folienschredder,,,https://praxistipps.chip.de/excel-zelleninhalte-tauschen_35962,,,
Folienschreddermaschne,ASG,ES-1500,75,kW,1200,kg/h,0.022875,kg CO2eq pro kg,0.366,kg CO2eq pro kWh,,Zerkleinern,Folienschredder,,,https://praxistipps.chip.de/excel-zelleninhalte-tauschen_35963,,,
Schredderanlagen für extrudierte Kunststoffrohre,ASG,CS-600,74,kW,1200,kg/h,0.02257,kg CO2eq pro kg,0.366,kg CO2eq pro kWh,,Zerkleinern,Schredder für Hartkunststoffe,,,https://www.plasticrecyclingmachine.net/extruded-plastic-pipe-shredder-system/,,,
Schredderanlagen für extrudierte Kunststoffrohre,ASG,CS-800,90,kW,2000,kg/h,0.01647,kg CO2eq pro kg,0.366,kg CO2eq pro kWh,,Zerkleinern,Schredder für Hartkunststoffe,,,https://www.plasticrecyclingmachine.net/extruded-plastic-pipe-shredder-system/,,,
Schredderanlagen für extrudierte Kunststoffrohre,ASG,CS-1000,110,kW,1500,kg/h,0.02684,kg CO2eq pro kg,0.366,kg CO2eq pro kWh,,Zerkleinern,Schredder für Hartkunststoffe,,,https://www.plasticrecyclingmachine.net/extruded-plastic-pipe-shredder-system/,,,
Schredderanlagen für extrudierte Kunststoffrohre,ASG,CS-1500,150,kW,2000,kg/h,0.02745,kg CO2eq pro kg,0.366,kg CO2eq pro kWh,,Zerkleinern,Schredder für Hartkunststoffe,,,https://www.plasticrecyclingmachine.net/extruded-plastic-pipe-shredder-system/,,,
Schreddermaschine für Hartkunststoffe,ASG,DS-800,33,kW,450,kg/h,0.02684,kg CO2eq pro kg,0.366,kg CO2eq pro kWh,,Zerkleinern,Schredder für Hartkunststoffe,,,https://www.plasticrecyclingmachine.net/rigid-plastic-shredder-machine/,,,
Schreddermaschine für Hartkunststoffe,ASG,DS-1000,37,kW,800,kg/h,0.0169275,kg CO2eq pro kg,0.366,kg CO2eq pro kWh,,Zerkleinern,Schredder für Hartkunststoffe,,,https://www.plasticrecyclingmachine.net/rigid-plastic-shredder-machine/,,,
Schreddermaschine für Hartkunststoffe,ASG,DS-1200,55,kW,1200,kg/h,0.016775,kg CO2eq pro kg,0.366,kg CO2eq pro kWh,,Zerkleinern,Schredder für Hartkunststoffe,,,https://www.plasticrecyclingmachine.net/rigid-plastic-shredder-machine/,,,
Schreddermaschine für Hartkunststoffe,ASG,DS-1500,75,kW,1500,kg/h,0.0183,kg CO2eq pro kg,0.366,kg CO2eq pro kWh,,Zerkleinern,Schredder für Hartkunststoffe,,,https://www.plasticrecyclingmachine.net/rigid-plastic-shredder-machine/,,,
Schreddermaschinen für elastische Kunststoffe und Gummi,ASG,BS-1000,45,kW,1000,kg/h,0.01647,kg CO2eq pro kg,0.366,kg CO2eq pro kWh,,Zerkleinern,Schredder für elastische Kunststoffe und Gummi,,,https://www.plasticrecyclingmachine.net/elastic-plastic-rubber-shredder-machine/,,,
Schreddermaschinen für elastische Kunststoffe und Gummi,ASG,BS-2000,110,kW,3000,kg/h,0.01342,kg CO2eq pro kg,0.366,kg CO2eq pro kWh,,Zerkleinern,Schredder für elastische Kunststoffe und Gummi,,,https://www.plasticrecyclingmachine.net/elastic-plastic-rubber-shredder-machine/,,,
Schreddermaschinen für elastische Kunststoffe und Gummi,ASG,BS-3000,220,kW,5000,kg/h,0.016104,kg CO2eq pro kg,0.366,kg CO2eq pro kWh,,Zerkleinern,Schredder für elastische Kunststoffe und Gummi,,,https://www.plasticrecyclingmachine.net/elastic-plastic-rubber-shredder-machine/,,,
Schneidemühle,HERBOLD,SML 30/80,37,kW,650,kg/h,0.02083384615,kg CO2eq pro kg,0.366,kg CO2eq pro kWh,,Zerkleinern,Schneidmühle/Beistellmühle,,Leichte bis mittlere Beanspruchung,https://www.herbold.com/wp-content/uploads/pdf/brochures/herbold-sml-de.pdf,,,
Schneidemühle,HERBOLD,SML 45/100,75,kW,1500,kg/h,0.0183,kg CO2eq pro kg,0.366,kg CO2eq pro kWh,,Zerkleinern,Schneidmühle/Beistellmühle,,Leichte bis mittlere Beanspruchung,https://www.herbold.com/wp-content/uploads/pdf/brochures/herbold-sml-de.pdf,,,
Schneidemühle,HERBOLD,SML 60/145,132,kW,2500,kg/h,0.0193248,kg CO2eq pro kg,0.366,kg CO2eq pro kWh,,Zerkleinern,Schneidmühle/Beistellmühle,,Leichte bis mittlere Beanspruchung,https://www.herbold.com/wp-content/uploads/pdf/brochures/herbold-sml-de.pdf,,,
Schneidemühle,HERBOLD,SML 22/30 C,11,kW,200,kg/h,0.02013,kg CO2eq pro kg,0.366,kg CO2eq pro kWh,,Zerkleinern,Schneidmühle/Beistellmühle,,Leichte bis mittlere Beanspruchung,https://www.herbold.com/wp-content/uploads/pdf/brochures/herbold-sml-c-de.pdf,,,
Schneidemühle,HERBOLD,SML 35/70 C,30,kW,800,kg/h,0.013725,kg CO2eq pro kg,0.366,kg CO2eq pro kWh,,Zerkleinern,Schneidmühle/Beistellmühle,,Leichte bis mittlere Beanspruchung,https://www.herbold.com/wp-content/uploads/pdf/brochures/herbold-sml-c-de.pdf,,,
Schneidemühle,HERBOLD,SML 45/101 C,75,kW,1500,kg/h,0.0183,kg CO2eq pro kg,0.366,kg CO2eq pro kWh,,Zerkleinern,Schneidmühle/Beistellmühle,,Leichte bis mittlere Beanspruchung,https://www.herbold.com/wp-content/uploads/pdf/brochures/herbold-sml-c-de.pdf,,,
Schneidemühle,HERBOLD,SMS 30/80,37,kW,500,kg/h,0.027084,kg CO2eq pro kg,0.366,kg CO2eq pro kWh,,Zerkleinern,Schneidmühle/Beistellmühle,,Harte Beanspruchung,https://www.herbold.com/wp-content/uploads/pdf/brochures/Schneidmuehle-SMS-Herbold-Meckesheim-Deutsch.pdf,,,
Schneidemühle,HERBOLD,SMS 45/100,90,kW,1500,kg/h,0.02196,kg CO2eq pro kg,0.366,kg CO2eq pro kWh,,Zerkleinern,Schneidmühle/Beistellmühle,,Harte Beanspruchung,https://www.herbold.com/wp-content/uploads/pdf/brochures/Schneidmuehle-SMS-Herbold-Meckesheim-Deutsch.pdf,,,
Schneidemühle,HERBOLD,SMS 80/120,160,kW,5000,kg/h,0.011712,kg CO2eq pro kg,0.366,kg CO2eq pro kWh,,Zerkleinern,Schneidmühle/Beistellmühle,,Harte Beanspruchung,https://www.herbold.com/wp-content/uploads/pdf/brochures/Schneidmuehle-SMS-Herbold-Meckesheim-Deutsch.pdf,,,
Schneidemühle,HERBOLD,SMR 45/60,75,kW,1000,kg/h,0.02745,kg CO2eq pro kg,0.366,kg CO2eq pro kWh,,Zerkleinern,Schneidmühle/Beistellmühle,"PP, PE, PVC",Rohre,https://www.herbold.com/wp-content/uploads/pdf/brochures/herbold-smr-de.pdf,,,
Schneidemühle,HERBOLD,SMR 80/60,110,kW,2000,kg/h,0.02013,kg CO2eq pro kg,0.366,kg CO2eq pro kWh,,Zerkleinern,Schneidmühle/Beistellmühle,"PP, PE, PVC",Rohre,https://www.herbold.com/wp-content/uploads/pdf/brochures/herbold-smr-de.pdf,,,
Schneidemühle,HERBOLD,SMR 160/120,315,kW,5000,kg/h,0.023058,kg CO2eq pro kg,0.366,kg CO2eq pro kWh,,Zerkleinern,Schneidmühle/Beistellmühle,"PP, PE, PVC",Rohre,https://www.herbold.com/wp-content/uploads/pdf/brochures/herbold-smr-de.pdf,,,
Schneidemühle,HERBOLD,SB 45/60,55,kW,1150,kg/h,0.01750434783,kg CO2eq pro kg,0.366,kg CO2eq pro kWh,,Zerkleinern,Schneidmühle/Beistellmühle,"PET-Flaschen, vorgeshredderte Materialien",Mit Zwangsführung,https://www.herbold.com/wp-content/uploads/pdf/brochures/Schneidmuehle-SB-Herbold-Meckesheim-Deutsch.pdf,,,
Schneidemühle,HERBOLD,SB 60/145,132,kW,4000,kg/h,0.012078,kg CO2eq pro kg,0.366,kg CO2eq pro kWh,,Zerkleinern,Schneidmühle/Beistellmühle,"PET-Flaschen, vorgeshredderte Materialien",Mit Zwangsführung,https://www.herbold.com/wp-content/uploads/pdf/brochures/Schneidmuehle-SB-Herbold-Meckesheim-Deutsch.pdf,,,
Schneidemühle,HERBOLD,SB 80/145,120,kW,4500,kg/h,0.00976,kg CO2eq pro kg,0.366,kg CO2eq pro kWh,,Zerkleinern,Schneidmühle/Beistellmühle,"PET-Flaschen, vorgeshredderte Materialien",Mit Zwangsführung,https://www.herbold.com/wp-content/uploads/pdf/brochures/Schneidmuehle-SB-Herbold-Meckesheim-Deutsch.pdf,,,
Schneidemühle,HERBOLD,SB 80/200,150,kW,14000,kg/h,0.003921428571,kg CO2eq pro kg,0.366,kg CO2eq pro kWh,,Zerkleinern,Schneidmühle/Beistellmühle,"PET-Flaschen, vorgeshredderte Materialien",Mit Zwangsführung,https://www.herbold.com/wp-content/uploads/pdf/brochures/Schneidmuehle-SB-Herbold-Meckesheim-Deutsch.pdf,,,
Feinschneidemühle,HERBOLD,SMF,90,kW,2000,kg/h,0.01647,kg CO2eq pro kg,0.366,kg CO2eq pro kWh,,Zerkleinern,Feinmühle / Feinschneidmühle,,,https://www.herbold.com/wp-content/uploads/pdf/brochures/herbold-smf-de.pdf,,,
Feinmühle,HERBOLD,PU 300,30,kW,500,kg/h,0.02196,kg CO2eq pro kg,0.366,kg CO2eq pro kWh,,Zerkleinern,Feinmühle / Feinschneidmühle,PE-Granulat oder Hart-PVC-Mahlgut,,https://www.herbold.com/wp-content/uploads/pdf/brochures/herbold-pu-de.pdf,,,
Feinmühle,HERBOLD,PU 800,110,kW,2000,kg/h,0.02013,kg CO2eq pro kg,0.366,kg CO2eq pro kWh,,Zerkleinern,Feinmühle / Feinschneidmühle,PE-Granulat oder Hart-PVC-Mahlgut,,https://www.herbold.com/wp-content/uploads/pdf/brochures/herbold-pu-de.pdf,,,
Feinmühle,HERBOLD,PU 1250,200,kW,3500,kg/h,0.02091428571,kg CO2eq pro kg,0.366,kg CO2eq pro kWh,,Zerkleinern,Feinmühle / Feinschneidmühle,PE-Granulat oder Hart-PVC-Mahlgut,,https://www.herbold.com/wp-content/uploads/pdf/brochures/herbold-pu-de.pdf,,,
Schneidemühle,HERBOLD,SML 60/100 HB,110,kW,3000,kg/h,0.01342,kg CO2eq pro kg,0.366,kg CO2eq pro kWh,,Zerkleinern,Schneidmühle/Beistellmühle,,,https://www.herbold.com/wp-content/uploads/pdf/datenblaetter-2019/55-SML-HB/Herbold-Meckesheim-Infoblatt-SML-HB_DE.pdf,,,
Schneidemühle,HERBOLD,SML 60/145 HB,132,kW,4000,kg/h,0.012078,kg CO2eq pro kg,0.366,kg CO2eq pro kWh,,Zerkleinern,Schneidmühle/Beistellmühle,,,https://www.herbold.com/wp-content/uploads/pdf/datenblaetter-2019/55-SML-HB/Herbold-Meckesheim-Infoblatt-SML-HB_DE.pdf,,,
Schneidemühle,ZERMA,G250/250-3-2/EV,7.5,kW,120,kg/h,0.022875,kg CO2eq pro kg,0.366,kg CO2eq pro kWh,,Zerkleinern,Schneidmühle/Beistellmühle,,,https://www.amis.de/maschine/schneidmuehle-zerma-typ-g250-250-3-2-ev-mit-vollschallschutz/,,,
Schneidemühle,ZERMA,GSH,18.5,kW,,kg/h,#DIV/0!,kg CO2eq pro kg,0.366,kg CO2eq pro kWh,,Zerkleinern,Schneidmühle/Beistellmühle,Hochleistungs-Schneidemühle (min),!Durchsatzleistung fehlt!,https://www.amis.de/maschine/hochleistungs-schneidmuehle-gsh/,,,
Schneidemühle,ZERMA,GSP,45,kW,,kg/h,#DIV/0!,kg CO2eq pro kg,0.366,kg CO2eq pro kWh,,Zerkleinern,Schneidmühle/Beistellmühle,Rohr- und Profilschneidemühle (min),!Durchsatzleistung fehlt!,https://www.amis.de/maschine/rohr-und-profilschneidmuehle-gsp/,,,
Schneidemühle,ZERMA,GSE,75,kW,,kg/h,#DIV/0!,kg CO2eq pro kg,0.366,kg CO2eq pro kWh,,Zerkleinern,Schneidmühle/Beistellmühle,Kompakt-Schneidemühle,!Durchsatzleistung fehlt!,https://www.amis.de/maschine/kompakt-schneidmuehle-zerma-gse/,,,
Schneidemühle,ZERMA,GSP,90,kW,,kg/h,#DIV/0!,kg CO2eq pro kg,0.366,kg CO2eq pro kWh,,Zerkleinern,Schneidmühle/Beistellmühle,Rohr- und Profilschneidemühle (max),!Durchsatzleistung fehlt!,https://www.amis.de/maschine/rohr-und-profilschneidmuehle-gsp/,,,
Schneidemühle,ZERMA,GSH,200,kW,,kg/h,#DIV/0!,kg CO2eq pro kg,0.366,kg CO2eq pro kWh,,Zerkleinern,Schneidmühle/Beistellmühle,Hochleistungs-Schneidemühle (max),!Durchsatzleistung fehlt!,https://www.amis.de/maschine/hochleistungs-schneidmuehle-gsh/,,,
Schneidemühle,ZERMA,PM,90,kW,,kg/h,#DIV/0!,kg CO2eq pro kg,0.366,kg CO2eq pro kWh,,Zerkleinern,Schneidmühle/Beistellmühle,,!Durchsatzleistung fehlt!,https://www.amis.de/maschine/prallscheibenmuehle-zerma-pm/,,,
Beistellmühle,ZERMA,GSL 150,1.5,kW,,kg/h,#DIV/0!,kg CO2eq pro kg,0.366,kg CO2eq pro kWh,,Zerkleinern,Schneidmühle/Beistellmühle,Langsamlaufend (min),!Durchsatzleistung fehlt!,https://www.amis.de/maschine/langsamlaufende-beistellmuehle-zerma-gsl-150/,,,
Beistellmühle,ZERMA,GSL 180,4,kW,,kg/h,#DIV/0!,kg CO2eq pro kg,0.366,kg CO2eq pro kWh,,Zerkleinern,Schneidmühle/Beistellmühle,Langsamlaufend (max),!Durchsatzleistung fehlt!,https://www.amis.de/maschine/langsamlaufende-beistellmuehle-zerma-gsl-180/,,,
Beistellmühle,ZERMA,GSL 300,18.5,kW,,kg/h,#DIV/0!,kg CO2eq pro kg,0.366,kg CO2eq pro kWh,,Zerkleinern,Schneidmühle/Beistellmühle,Langsamlaufend (max),!Durchsatzleistung fehlt!,https://www.amis.de/maschine/langsamlaufende-beistellmuehle-zerma-gsl-300/,,,
Hammermühle,HERBOLD,HM 100/100 PR,200,kW,5000,kg/h,0.01464,kg CO2eq pro kg,0.366,kg CO2eq pro kWh,,Zerkleinern,Hammermühle,,,https://www.herbold.com/wp-content/uploads/pdf/information/40_information-de.pdf,,,
Hammermühle,HERBOLD,HM 100/150 PR,250,kW,8000,kg/h,0.0114375,kg CO2eq pro kg,0.366,kg CO2eq pro kWh,,Zerkleinern,Hammermühle,,,https://www.herbold.com/wp-content/uploads/pdf/information/40_information-de.pdf,,,
Rohrschredder,HERBOLD,EWS-R 85/90,37,kW,1000,kg/h,0.013542,kg CO2eq pro kg,0.366,kg CO2eq pro kWh,,Zerkleinern,Schredder für Hartkunststoffe,,,https://www.herbold.com/wp-content/uploads/pdf/datenblaetter-2019/66-EWS-R/Herbold-Meckesheim-Infoblatt-EWS-R_DE.pdf,,,
Rohrschredder,HERBOLD,EWS-150/120,55,kW,2000,kg/h,0.010065,kg CO2eq pro kg,0.366,kg CO2eq pro kWh,,Zerkleinern,Schredder für Hartkunststoffe,,,https://www.herbold.com/wp-content/uploads/pdf/datenblaetter-2019/66-EWS-R/Herbold-Meckesheim-Infoblatt-EWS-R_DE.pdf,,,
Granuliermaschine,ASG,SWHB600,37,kW,300,kg/h,0.04514,kg CO2eq pro kg,0.366,kg CO2eq pro kWh,,Zerkleinern,Granuliermaschine,,,https://www.plasticrecyclingmachine.net/plastic-granulator-machines/,,,
Granuliermaschine,ASG,SWHB800,45,kW,600,kg/h,0.02745,kg CO2eq pro kg,0.366,kg CO2eq pro kWh,,Zerkleinern,Granuliermaschine,,,https://www.plasticrecyclingmachine.net/plastic-granulator-machines/,,,
Granuliermaschine,ASG,SWHB1000,75,kW,900,kg/h,0.0305,kg CO2eq pro kg,0.366,kg CO2eq pro kWh,,Zerkleinern,Granuliermaschine,,,https://www.plasticrecyclingmachine.net/plastic-granulator-machines/,,,
Granuliermaschine,ASG,SWHB1200,90,kW,1200,kg/h,0.02745,kg CO2eq pro kg,0.366,kg CO2eq pro kWh,,Zerkleinern,Granuliermaschine,,,https://www.plasticrecyclingmachine.net/plastic-granulator-machines/,,,
Nassgranuliermaschine,ASG,SWHB600-W,37,kW,300,kg/h,0.04514,kg CO2eq pro kg,0.366,kg CO2eq pro kWh,,Zerkleinern,Granuliermaschine,,,https://www.plasticrecyclingmachine.net/plastic-granulator-machines/,,,
Nassgranuliermaschine,ASG,SWHB800-W,45,kW,600,kg/h,0.02745,kg CO2eq pro kg,0.366,kg CO2eq pro kWh,,Zerkleinern,Granuliermaschine,,,https://www.plasticrecyclingmachine.net/plastic-granulator-machines/,,,
Nassgranuliermaschine,ASG,SWHB1000-W,75,kW,900,kg/h,0.0305,kg CO2eq pro kg,0.366,kg CO2eq pro kWh,,Zerkleinern,Granuliermaschine,,,https://www.plasticrecyclingmachine.net/plastic-granulator-machines/,,,
Nassgranuliermaschine,ASG,SWHB1200-W,90,kW,1200,kg/h,0.02745,kg CO2eq pro kg,0.366,kg CO2eq pro kWh,,Zerkleinern,Granuliermaschine,,,https://www.plasticrecyclingmachine.net/plastic-granulator-machines/,,,
Granuliermaschine für extrudierten Kunststoff,ASG,SP300,18.5,kW,150,kg/h,0.04514,kg CO2eq pro kg,0.366,kg CO2eq pro kWh,,Zerkleinern,Granuliermaschine,,,https://www.plasticrecyclingmachine.net/extruded-plastic-granulator-machines/,,,
Granuliermaschine für extrudierten Kunststoff,ASG,SP320,22,kW,225,kg/h,0.03578666667,kg CO2eq pro kg,0.366,kg CO2eq pro kWh,,Zerkleinern,Granuliermaschine,,,https://www.plasticrecyclingmachine.net/extruded-plastic-granulator-machines/,,,
Granuliermaschine für extrudierten Kunststoff,ASG,SP380,27.5,kW,400,kg/h,0.0251625,kg CO2eq pro kg,0.366,kg CO2eq pro kWh,,Zerkleinern,Granuliermaschine,,,https://www.plasticrecyclingmachine.net/extruded-plastic-granulator-machines/,,,
Granuliermaschine für extrudierten Kunststoff,ASG,SP400,37,kW,400,kg/h,0.033855,kg CO2eq pro kg,0.366,kg CO2eq pro kWh,,Zerkleinern,Granuliermaschine,,,https://www.plasticrecyclingmachine.net/extruded-plastic-granulator-machines/,,,
Granuliermaschine für extrudierten Kunststoff,ASG,SP630,44,kW,775,kg/h,0.02077935484,kg CO2eq pro kg,0.366,kg CO2eq pro kWh,,Zerkleinern,Granuliermaschine,,,https://www.plasticrecyclingmachine.net/extruded-plastic-granulator-machines/,,,
Granuliermaschine für Hartkunststoffe,ASG,WP750,7.5,kW,75,kg/h,0.0366,kg CO2eq pro kg,0.366,kg CO2eq pro kWh,,Zerkleinern,Granuliermaschine,,,https://www.plasticrecyclingmachine.net/rigid-plastic-granulator-machines/,,,
Granuliermaschine für Hartkunststoffe,ASG,WP1100,11,kW,150,kg/h,0.02684,kg CO2eq pro kg,0.366,kg CO2eq pro kWh,,Zerkleinern,Granuliermaschine,,,https://www.plasticrecyclingmachine.net/rigid-plastic-granulator-machines/,,,
Granuliermaschine für Hartkunststoffe,ASG,WP1500,15,kW,250,kg/h,0.02196,kg CO2eq pro kg,0.366,kg CO2eq pro kWh,,Zerkleinern,Granuliermaschine,,,https://www.plasticrecyclingmachine.net/rigid-plastic-granulator-machines/,,,
Granuliermaschine für Hartkunststoffe XL,ASG,SW-600,37,kW,300,kg/h,0.04514,kg CO2eq pro kg,0.366,kg CO2eq pro kWh,,Zerkleinern,Granuliermaschine,,,https://www.plasticrecyclingmachine.net/rigid-plastic-granulator-machines-xl/,,,
Granuliermaschine für Hartkunststoffe XL,ASG,SW-800,55,kW,600,kg/h,0.03355,kg CO2eq pro kg,0.366,kg CO2eq pro kWh,,Zerkleinern,Granuliermaschine,,,https://www.plasticrecyclingmachine.net/rigid-plastic-granulator-machines-xl/,,,
Granuliermaschine für Hartkunststoffe XL,ASG,SW-1000,75,kW,1000,kg/h,0.02745,kg CO2eq pro kg,0.366,kg CO2eq pro kWh,,Zerkleinern,Granuliermaschine,,,https://www.plasticrecyclingmachine.net/rigid-plastic-granulator-machines-xl/,,,
Granuliermaschine für Hartkunststoffe XL,ASG,SW-1200,90,kW,1200,kg/h,0.02745,kg CO2eq pro kg,0.366,kg CO2eq pro kWh,,Zerkleinern,Granuliermaschine,,,https://www.plasticrecyclingmachine.net/rigid-plastic-granulator-machines-xl/,,,
Granuliermaschine für Hdpe-Flocken,ASG,SJ-80,92,kW,220,kg/h,0.1530545455,kg CO2eq pro kg,0.366,kg CO2eq pro kWh,,Zerkleinern,Granuliermaschine,HDPE,,https://www.plasticrecyclingmachine.net/plastic-hdpe-flakes-pelletizing-machine/,,,
Granuliermaschine für Hdpe-Flocken,ASG,SJ-100,165,kW,380,kg/h,0.1589210526,kg CO2eq pro kg,0.366,kg CO2eq pro kWh,,Zerkleinern,Granuliermaschine,HDPE,,https://www.plasticrecyclingmachine.net/plastic-hdpe-flakes-pelletizing-machine/,,,
Granuliermaschine für Hdpe-Flocken,ASG,SJ-120,222,kW,465,kg/h,0.1747354839,kg CO2eq pro kg,0.366,kg CO2eq pro kWh,,Zerkleinern,Granuliermaschine,HDPE,,https://www.plasticrecyclingmachine.net/plastic-hdpe-flakes-pelletizing-machine/,,,
Granuliermaschine für Hdpe-Flocken,ASG,SJ-140,295,kW,650,kg/h,0.1661076923,kg CO2eq pro kg,0.366,kg CO2eq pro kWh,,Zerkleinern,Granuliermaschine,HDPE,,https://www.plasticrecyclingmachine.net/plastic-hdpe-flakes-pelletizing-machine/,,,
Granuliermaschine für Hdpe-Flocken,ASG,SJ-160,382,kW,1000,kg/h,0.139812,kg CO2eq pro kg,0.366,kg CO2eq pro kWh,,Zerkleinern,Granuliermaschine,HDPE,,https://www.plasticrecyclingmachine.net/plastic-hdpe-flakes-pelletizing-machine/,,,
Granuliermaschine für Hdpe-Flocken,ASG,SJ-180,630,kW,1100,kg/h,0.2096181818,kg CO2eq pro kg,0.366,kg CO2eq pro kWh,,Zerkleinern,Granuliermaschine,HDPE,,https://www.plasticrecyclingmachine.net/plastic-hdpe-flakes-pelletizing-machine/,,,
Einschneckenpelletiermaschine für PET Kunststoffflocken,ASG,CT-100,90,kW,300,kg/h,0.1098,kg CO2eq pro kg,0.366,kg CO2eq pro kWh,,Kombinierte Anlagen,Pelletiermaschine,,,https://www.plasticrecyclingmachine.net/single-screw-pelletizer-for-pet-plastic-flakes/,,,
Einschneckenpelletiermaschine für PET Kunststoffflocken,ASG,CT-130,132,kW,600,kg/h,0.08052,kg CO2eq pro kg,0.366,kg CO2eq pro kWh,,Kombinierte Anlagen,Pelletiermaschine,,,https://www.plasticrecyclingmachine.net/single-screw-pelletizer-for-pet-plastic-flakes/,,,
Einschneckenpelletiermaschine für PET Kunststoffflocken,ASG,CT-140,160,kW,900,kg/h,0.06506666667,kg CO2eq pro kg,0.366,kg CO2eq pro kWh,,Kombinierte Anlagen,Pelletiermaschine,,,https://www.plasticrecyclingmachine.net/single-screw-pelletizer-for-pet-plastic-flakes/,,,
Einschneckenpelletiermaschine für PET Kunststoffflocken,ASG,CT-160,250,kW,1200,kg/h,0.07625,kg CO2eq pro kg,0.366,kg CO2eq pro kWh,,Kombinierte Anlagen,Pelletiermaschine,,,https://www.plasticrecyclingmachine.net/single-screw-pelletizer-for-pet-plastic-flakes/,,,
Wasserring-Pelettiermaschine für Kunststofffolien,ASG,SJ80,92,kW,220,kg/h,0.1530545455,kg CO2eq pro kg,0.366,kg CO2eq pro kWh,,Kombinierte Anlagen,Pelletiermaschine,"PP, PE",,https://www.plasticrecyclingmachine.net/pp-pe-plastic-film-water-ring-pelletizer/,,,
Wasserring-Pelettiermaschine für Kunststofffolien,ASG,SJ100,165,kW,380,kg/h,0.1589210526,kg CO2eq pro kg,0.366,kg CO2eq pro kWh,,Kombinierte Anlagen,Pelletiermaschine,"PP, PE",,https://www.plasticrecyclingmachine.net/pp-pe-plastic-film-water-ring-pelletizer/,,,
Wasserring-Pelettiermaschine für Kunststofffolien,ASG,SJ120,222,kW,465,kg/h,0.1747354839,kg CO2eq pro kg,0.366,kg CO2eq pro kWh,,Kombinierte Anlagen,Pelletiermaschine,"PP, PE",,https://www.plasticrecyclingmachine.net/pp-pe-plastic-film-water-ring-pelletizer/,,,
Wasserring-Pelettiermaschine für Kunststofffolien,ASG,SJ140,295,kW,650,kg/h,0.1661076923,kg CO2eq pro kg,0.366,kg CO2eq pro kWh,,Kombinierte Anlagen,Pelletiermaschine,"PP, PE",,https://www.plasticrecyclingmachine.net/pp-pe-plastic-film-water-ring-pelletizer/,,,
Wasserring-Pelettiermaschine für Kunststofffolien,ASG,SJ160,382,kW,1000,kg/h,0.139812,kg CO2eq pro kg,0.366,kg CO2eq pro kWh,,Kombinierte Anlagen,Pelletiermaschine,"PP, PE",,https://www.plasticrecyclingmachine.net/pp-pe-plastic-film-water-ring-pelletizer/,,,
Wasserring-Pelettiermaschine für Kunststofffolien,ASG,SJ180,630,kW,1100,kg/h,0.2096181818,kg CO2eq pro kg,0.366,kg CO2eq pro kWh,,Kombinierte Anlagen,Pelletiermaschine,"PP, PE",,https://www.plasticrecyclingmachine.net/pp-pe-plastic-film-water-ring-pelletizer/,,,
Pelettiermaschine für PET-Flocken,ASG,SHJ50,45,kW,150,,0.1098,kg CO2eq pro kg,0.366,kg CO2eq pro kWh,,Kombinierte Anlagen,Pelletiermaschine,,,https://www.plasticrecyclingmachine.net/plastic-pelletizer-for-pet-flakes/,,,
Pelettiermaschine für PET-Flocken,ASG,SHJ65,75,kW,200,,0.13725,kg CO2eq pro kg,0.366,kg CO2eq pro kWh,,Kombinierte Anlagen,Pelletiermaschine,,,https://www.plasticrecyclingmachine.net/plastic-pelletizer-for-pet-flakes/,,,
Pelettiermaschine für PET-Flocken,ASG,SHJ75,110,kW,300,,0.1342,kg CO2eq pro kg,0.366,kg CO2eq pro kWh,,Kombinierte Anlagen,Pelletiermaschine,,,https://www.plasticrecyclingmachine.net/plastic-pelletizer-for-pet-flakes/,,,
Pelettiermaschine für PET-Flocken,ASG,SHJ95,135,kW,500,,0.09882,kg CO2eq pro kg,0.366,kg CO2eq pro kWh,,Kombinierte Anlagen,Pelletiermaschine,,,https://www.plasticrecyclingmachine.net/plastic-pelletizer-for-pet-flakes/,,,
Einschnecken-Pelettiermaschinen,ASG,SJ-100,50,kW,150,kg/h,0.122,kg CO2eq pro kg,0.366,kg CO2eq pro kWh,,Kombinierte Anlagen,Pelletiermaschine,,,https://www.plasticrecyclingmachine.net/single-screw-plastic-extruder-pelletizer/,,,
Einschnecken-Pelettiermaschinen,ASG,SJ-120,65,kW,150,kg/h,0.1586,kg CO2eq pro kg,0.366,kg CO2eq pro kWh,,Kombinierte Anlagen,Pelletiermaschine,,,https://www.plasticrecyclingmachine.net/single-screw-plastic-extruder-pelletizer/,,,
Einschnecken-Pelettiermaschinen,ASG,SJ-150,82.5,kW,250,kg/h,0.12078,kg CO2eq pro kg,0.366,kg CO2eq pro kWh,,Kombinierte Anlagen,Pelletiermaschine,,,https://www.plasticrecyclingmachine.net/single-screw-plastic-extruder-pelletizer/,,,
Einschnecken-Pelettiermaschinen,ASG,SJ-180,111,kW,300,kg/h,0.13542,kg CO2eq pro kg,0.366,kg CO2eq pro kWh,,Kombinierte Anlagen,Pelletiermaschine,,,https://www.plasticrecyclingmachine.net/single-screw-plastic-extruder-pelletizer/,,,
Einschnecken-Pelettiermaschinen,ASG,SJ-200,220,kW,700,kg/h,0.1150285714,kg CO2eq pro kg,0.366,kg CO2eq pro kWh,,Kombinierte Anlagen,Pelletiermaschine,,,https://www.plasticrecyclingmachine.net/single-screw-plastic-extruder-pelletizer/,,,
Doppelschnecken-Pelettiermaschinen,ASG,SHJ50,45,kW,300,,0.0549,kg CO2eq pro kg,0.366,kg CO2eq pro kWh,,Kombinierte Anlagen,Pelletiermaschine,,,https://www.plasticrecyclingmachine.net/plastic-pelletizer-for-pet-flakes/,,,
Doppelschnecken-Pelettiermaschinen,ASG,SHJ65,75,kW,300,,0.0915,kg CO2eq pro kg,0.366,kg CO2eq pro kWh,,Kombinierte Anlagen,Pelletiermaschine,,,https://www.plasticrecyclingmachine.net/plastic-pelletizer-for-pet-flakes/,,,
Doppelschnecken-Pelettiermaschinen,ASG,SHJ75,110,kW,600,,0.0671,kg CO2eq pro kg,0.366,kg CO2eq pro kWh,,Kombinierte Anlagen,Pelletiermaschine,,,https://www.plasticrecyclingmachine.net/plastic-pelletizer-for-pet-flakes/,,,
Doppelschnecken-Pelettiermaschinen,ASG,SHJ95,135,kW,1000,,0.04941,kg CO2eq pro kg,0.366,kg CO2eq pro kWh,,Kombinierte Anlagen,Pelletiermaschine,,,https://www.plasticrecyclingmachine.net/plastic-pelletizer-for-pet-flakes/,,15400,kg pro h
Friktionswäscher,HERBOLD,FA 3000,40.5,kW,3500,kg/h,0.004235142857,kg CO2eq pro kg,0.366,kg CO2eq pro kWh,,Waschen,Friktionswäscher,HDPE,,https://www.herbold.com/wp-content/uploads/pdf/datenblaetter-2019/46-Friktionswaescher/Herbold-Meckesheim-Infoblatt-Friktionswaescher_DE.pdf,,,
Friktionswäscher,HERBOLD,FA 3000,40.5,kW,2000,kg/h,0.0074115,kg CO2eq pro kg,0.366,kg CO2eq pro kWh,,Waschen,Friktionswäscher,LDPE,,https://www.herbold.com/wp-content/uploads/pdf/datenblaetter-2019/46-Friktionswaescher/Herbold-Meckesheim-Infoblatt-Friktionswaescher_DE.pdf,,,
Friktionswäscher,HERBOLD,FA 3000,40.5,kW,3500,kg/h,0.004235142857,kg CO2eq pro kg,0.366,kg CO2eq pro kWh,,Waschen,Friktionswäscher,PET,,https://www.herbold.com/wp-content/uploads/pdf/datenblaetter-2019/46-Friktionswaescher/Herbold-Meckesheim-Infoblatt-Friktionswaescher_DE.pdf,,,
Friktionswäscher,HERBOLD,FA 60/3000,82,kW,6000,kg/h,0.005002,kg CO2eq pro kg,0.366,kg CO2eq pro kWh,,Waschen,Friktionswäscher,HDPE,,https://www.herbold.com/wp-content/uploads/pdf/datenblaetter-2019/46-Friktionswaescher/Herbold-Meckesheim-Infoblatt-Friktionswaescher_DE.pdf,,,
Friktionswäscher,HERBOLD,FA 60/3000,82,kW,3000,kg/h,0.010004,kg CO2eq pro kg,0.366,kg CO2eq pro kWh,,Waschen,Friktionswäscher,LDPE,,https://www.herbold.com/wp-content/uploads/pdf/datenblaetter-2019/46-Friktionswaescher/Herbold-Meckesheim-Infoblatt-Friktionswaescher_DE.pdf,,,
Friktionswäscher,HERBOLD,FA 60/3000,82,kW,6000,kg/h,0.005002,kg CO2eq pro kg,0.366,kg CO2eq pro kWh,,Waschen,Friktionswäscher,PET,,https://www.herbold.com/wp-content/uploads/pdf/datenblaetter-2019/46-Friktionswaescher/Herbold-Meckesheim-Infoblatt-Friktionswaescher_DE.pdf,,,
Heißwaschanlage,ASG,ZG1700,11.2,kW,,kg/h,#DIV/0!,kg CO2eq pro kg,0.366,kg CO2eq pro kWh,,Waschen,Sonstige,"PET, HDPE,…",!Durchsatzleistung fehlt!,https://www.plasticrecyclingmachine.net/hot-washer-system/,,,
Hochgeschwindigkeits-Reibungswaschanlage,ASG,HXJ400,37,kW,600,kg/h,0.02257,kg CO2eq pro kg,0.366,kg CO2eq pro kWh,,Waschen,Sonstige,,,https://www.plasticrecyclingmachine.net/high-speed-friction-washer/,,,
Hochgeschwindigkeits-Reibungswaschanlage,ASG,HXJ550,45,kW,800,kg/h,0.0205875,kg CO2eq pro kg,0.366,kg CO2eq pro kWh,,Waschen,Sonstige,,,https://www.plasticrecyclingmachine.net/high-speed-friction-washer/,,,
Hochgeschwindigkeits-Reibungswaschanlage,ASG,HXJ750,55,kW,1600,kg/h,0.01258125,kg CO2eq pro kg,0.366,kg CO2eq pro kWh,,Waschen,Sonstige,,,https://www.plasticrecyclingmachine.net/high-speed-friction-washer/,,,
Waschanlage mit Friktionsschnecke.,ASG,LX-400,11,kW,,kg/h,#DIV/0!,kg CO2eq pro kg,0.366,kg CO2eq pro kWh,,Waschen,Friktionswäscher,,!Durchsatzleistung fehlt!,https://www.plasticrecyclingmachine.net/friction-screw-washer/,,,
Waschanlage mit Friktionsschnecke.,ASG,LX-450,15,kW,,kg/h,#DIV/0!,kg CO2eq pro kg,0.366,kg CO2eq pro kWh,,Waschen,Friktionswäscher,,!Durchsatzleistung fehlt!,https://www.plasticrecyclingmachine.net/friction-screw-washer/,,,
Waschanlage mit Friktionsschnecke.,ASG,LX-550,22,kW,,kg/h,#DIV/0!,kg CO2eq pro kg,0.366,kg CO2eq pro kWh,,Waschen,Friktionswäscher,,!Durchsatzleistung fehlt!,https://www.plasticrecyclingmachine.net/friction-screw-washer/,,,
Dreireihiger Senkschwimmertrennbehälter,ASG,,,kW,,kg/h,#DIV/0!,kg CO2eq pro kg,0.366,kg CO2eq pro kWh,,Trennen,Schwimm-Sink Trennung,,!Durchsatzleistung fehlt!,https://www.plasticrecyclingmachine.net/triple-row-sink-float-separation-tank/,,,
Sinkschwimmertrennbehälter,ASG,,48.5,kW,,kg/h,#DIV/0!,kg CO2eq pro kg,0.366,kg CO2eq pro kWh,,Trennen,Schwimm-Sink Trennung,"PET, PP, PE",!Durchsatzleistung fehlt!,https://www.plasticrecyclingmachine.net/sink-float-separation-tank/,,,
Waschanlagen für Kunststofffolien,ASG,,250,kW,500,kg/h,0.183,kg CO2eq pro kg,0.366,kg CO2eq pro kWh,,Waschen,Folienwaschanlage,"PP, PE","Bestehend aus: Friktionswaschanlage, Schwimmtank, Zentrifugaltrockner, Quetsche, Extruder und Granulatschneideanlage",https://www.plasticrecyclingmachine.net/plastic-film-washing-line/,,,
Waschanlagen für Kunststofffolien,ASG,,350,kW,1000,kg/h,0.1281,kg CO2eq pro kg,0.366,kg CO2eq pro kWh,,Waschen,Folienwaschanlage,"PP, PE","Bestehend aus: Friktionswaschanlage, Schwimmtank, Zentrifugaltrockner, Quetsche, Extruder und Granulatschneideanlage",https://www.plasticrecyclingmachine.net/plastic-film-washing-line/,,,
Waschanlagen für Kunststofffolien,ASG,,470,kW,1500,kg/h,0.11468,kg CO2eq pro kg,0.366,kg CO2eq pro kWh,,Waschen,Folienwaschanlage,"PP, PE","Bestehend aus: Friktionswaschanlage, Schwimmtank, Zentrifugaltrockner, Quetsche, Extruder und Granulatschneideanlage",https://www.plasticrecyclingmachine.net/plastic-film-washing-line/,,,
Waschanlagen für Kunststofffolien,ASG,,650,kW,2000,kg/h,0.11895,kg CO2eq pro kg,0.366,kg CO2eq pro kWh,,Waschen,Folienwaschanlage,"PP, PE","Bestehend aus: Friktionswaschanlage, Schwimmtank, Zentrifugaltrockner, Quetsche, Extruder und Granulatschneideanlage",https://www.plasticrecyclingmachine.net/plastic-film-washing-line/,,,
Waschanlagen für Kunststofffolien,ASG,,850,kW,3000,kg/h,0.1037,kg CO2eq pro kg,0.366,kg CO2eq pro kWh,,Waschen,Folienwaschanlage,"PP, PE","Bestehend aus: Friktionswaschanlage, Schwimmtank, Zentrifugaltrockner, Quetsche, Extruder und Granulatschneideanlage",https://www.plasticrecyclingmachine.net/plastic-film-washing-line/,,,
PET-Flaschenwaschanlage+M1A122:N127,ASG,,150,kW,500,kg/h,0.1098,kg CO2eq pro kg,0.366,kg CO2eq pro kWh,,Waschen,PET-Flaschenwaschanlage,PET,"Bestehend aus: Entwässerungsmaschine, Trommel, Nassgranulator, Windsichter, Sink-/Schwimmbecken, Heißwaschanlage, Friktionswaschanlage, Entwässerungsmaschine, thermischer Trockner, Produktsilo, Granulator/Extruder",https://www.plasticrecyclingmachine.net/pet-bottle-washing-line/,,,
PET-Flaschenwaschanlage,ASG,,250,kW,1000,kg/h,0.0915,kg CO2eq pro kg,0.366,kg CO2eq pro kWh,,Waschen,PET-Flaschenwaschanlage,PET,"Bestehend aus: Entwässerungsmaschine, Trommel, Nassgranulator, Windsichter, Sink-/Schwimmbecken, Heißwaschanlage, Friktionswaschanlage, Entwässerungsmaschine, thermischer Trockner, Produktsilo, Granulator/Extruder",https://www.plasticrecyclingmachine.net/pet-bottle-washing-line/,,,
PET-Flaschenwaschanlage,ASG,,370,kW,1500,kg/h,0.09028,kg CO2eq pro kg,0.366,kg CO2eq pro kWh,,Waschen,PET-Flaschenwaschanlage,PET,"Bestehend aus: Entwässerungsmaschine, Trommel, Nassgranulator, Windsichter, Sink-/Schwimmbecken, Heißwaschanlage, Friktionswaschanlage, Entwässerungsmaschine, thermischer Trockner, Produktsilo, Granulator/Extruder",https://www.plasticrecyclingmachine.net/pet-bottle-washing-line/,,,
PET-Flaschenwaschanlage,ASG,,450,kW,2000,kg/h,0.08235,kg CO2eq pro kg,0.366,kg CO2eq pro kWh,,Waschen,PET-Flaschenwaschanlage,PET,"Bestehend aus: Entwässerungsmaschine, Trommel, Nassgranulator, Windsichter, Sink-/Schwimmbecken, Heißwaschanlage, Friktionswaschanlage, Entwässerungsmaschine, thermischer Trockner, Produktsilo, Granulator/Extruder",https://www.plasticrecyclingmachine.net/pet-bottle-washing-line/,,,
PET-Flaschenwaschanlage,ASG,,750,kW,3000,kg/h,0.0915,kg CO2eq pro kg,0.366,kg CO2eq pro kWh,,Waschen,PET-Flaschenwaschanlage,PET,"Bestehend aus: Entwässerungsmaschine, Trommel, Nassgranulator, Windsichter, Sink-/Schwimmbecken, Heißwaschanlage, Friktionswaschanlage, Entwässerungsmaschine, thermischer Trockner, Produktsilo, Granulator/Extruder",https://www.plasticrecyclingmachine.net/pet-bottle-washing-line/,,,
Recyclingwaschanlage für Mahlgut,ASG,,499,kW,500,kg/h,0.365268,kg CO2eq pro kg,0.366,kg CO2eq pro kWh,,Waschen,Sonstige,"PP, PE","Bestehend aus: Friktionswaschanlage, Schwimmtank, Zentrifugaltrockner, Quetsche, Extruder und Granulatschneideanlage",https://www.plasticrecyclingmachine.net/pp-pe-film-regrind-recycling-line/,,,
Recyclingwaschanlage für Mahlgut,ASG,,599,kW,1000,kg/h,0.219234,kg CO2eq pro kg,0.366,kg CO2eq pro kWh,,Waschen,Sonstige,"PP, PE","Bestehend aus: Friktionswaschanlage, Schwimmtank, Zentrifugaltrockner, Quetsche, Extruder und Granulatschneideanlage",https://www.plasticrecyclingmachine.net/pp-pe-film-regrind-recycling-line/,,,
Störstoffabschneider im Nassbetrieb,HERBOLD,SAS 50/430,2.2,kW,1000,kg/h,0.0008052,kg CO2eq pro kg,0.366,kg CO2eq pro kWh,,Trennen,Schwimm-Sink Trennung,Bei geshreddeter Folie,,https://www.herbold.com/wp-content/uploads/pdf/datenblaetter-2019/63-Stoerstoffabscheider-Nassbetrieb-Baureihe-SAS/Herbold-Meckesheim-Infoblatt-Stoerstoffabscheider-Nassbetrieb-Baureihe-SAS_DE.pdf,,,
Störstoffabschneider im Nassbetrieb,HERBOLD,SAS 50/430,2.2,kW,2000,kg/h,0.0004026,kg CO2eq pro kg,0.366,kg CO2eq pro kWh,,Trennen,Schwimm-Sink Trennung,Bei Hartkunststoffen,,https://www.herbold.com/wp-content/uploads/pdf/datenblaetter-2019/63-Stoerstoffabscheider-Nassbetrieb-Baureihe-SAS/Herbold-Meckesheim-Infoblatt-Stoerstoffabscheider-Nassbetrieb-Baureihe-SAS_DE.pdf,,,
Störstoffabschneider im Nassbetrieb,HERBOLD,SAS 2 50/430,2.2,kW,2000,kg/h,0.0004026,kg CO2eq pro kg,0.366,kg CO2eq pro kWh,,Trennen,Schwimm-Sink Trennung,Bei geshreddeter Folie,,https://www.herbold.com/wp-content/uploads/pdf/datenblaetter-2019/63-Stoerstoffabscheider-Nassbetrieb-Baureihe-SAS/Herbold-Meckesheim-Infoblatt-Stoerstoffabscheider-Nassbetrieb-Baureihe-SAS_DE.pdf,,,
Störstoffabschneider im Nassbetrieb,HERBOLD,SAS 2 50/430,2.2,kW,4000,kg/h,0.0002013,kg CO2eq pro kg,0.366,kg CO2eq pro kWh,,Trennen,Schwimm-Sink Trennung,Bei Hartkunststoffen,,https://www.herbold.com/wp-content/uploads/pdf/datenblaetter-2019/63-Stoerstoffabscheider-Nassbetrieb-Baureihe-SAS/Herbold-Meckesheim-Infoblatt-Stoerstoffabscheider-Nassbetrieb-Baureihe-SAS_DE.pdf,,,
Schwimm-Sink-Tank,HERBOLD,2000 x800,1.5,kW,2500,kg/h,0.0002196,kg CO2eq pro kg,0.366,kg CO2eq pro kWh,,Trennen,Schwimm-Sink Trennung,Bei Hartkunststoffen,,https://www.herbold.com/wp-content/uploads/pdf/datenblaetter-2019/50-Trenntank/Herbold-Meckesheim-Infoblatt-Trenntank_DE.pdf,,,
Schwimm-Sink-Tank,HERBOLD,3000 x 1000,4,kW,3000,kg/h,0.000488,kg CO2eq pro kg,0.366,kg CO2eq pro kWh,,Trennen,Schwimm-Sink Trennung,Bei Hartkunststoffen,,https://www.herbold.com/wp-content/uploads/pdf/datenblaetter-2019/50-Trenntank/Herbold-Meckesheim-Infoblatt-Trenntank_DE.pdf,,,
Schwimm-Sink-Tank,HERBOLD,3000 x 1000,4,kW,700,kg/h,0.002091428571,kg CO2eq pro kg,0.366,kg CO2eq pro kWh,,Trennen,Schwimm-Sink Trennung,Bei geshreddeter Folie,,https://www.herbold.com/wp-content/uploads/pdf/datenblaetter-2019/50-Trenntank/Herbold-Meckesheim-Infoblatt-Trenntank_DE.pdf,,,
Schwimm-Sink-Tank,HERBOLD,3000 x 1000,8,kW,3000,kg/h,0.000976,kg CO2eq pro kg,0.366,kg CO2eq pro kWh,,Trennen,Schwimm-Sink Trennung,Bei Hartkunststoffen,,https://www.herbold.com/wp-content/uploads/pdf/datenblaetter-2019/50-Trenntank/Herbold-Meckesheim-Infoblatt-Trenntank_DE.pdf,,,
Schwimm-Sink-Tank,HERBOLD,4000 x 1800,11,kW,5000,kg/h,0.0008052,kg CO2eq pro kg,0.366,kg CO2eq pro kWh,,Trennen,Schwimm-Sink Trennung,Bei Hartkunststoffen,,https://www.herbold.com/wp-content/uploads/pdf/datenblaetter-2019/50-Trenntank/Herbold-Meckesheim-Infoblatt-Trenntank_DE.pdf,,,
Schwimm-Sink-Tank,HERBOLD,4000 x 1800,11,kW,1000,kg/h,0.004026,kg CO2eq pro kg,0.366,kg CO2eq pro kWh,,Trennen,Schwimm-Sink Trennung,Bei geshreddeter Folie,,https://www.herbold.com/wp-content/uploads/pdf/datenblaetter-2019/50-Trenntank/Herbold-Meckesheim-Infoblatt-Trenntank_DE.pdf,,,
Schwimmendes Separationsbecken,ASG,,3,kW,,kg/h,#DIV/0!,kg CO2eq pro kg,0.366,kg CO2eq pro kWh,,Trennen,Schwimm-Sink Trennung,,,https://www.plasticrecyclingmachine.net/pp-pe-plastic-floating-separation-tank/,,,
Sinkschwimm-Trennbehälter,ASG,,15.1,kW,,kg/h,#DIV/0!,kg CO2eq pro kg,0.366,kg CO2eq pro kWh,,Trennen,Schwimm-Sink Trennung,"PET, PP, PE",,https://www.plasticrecyclingmachine.net/sink-float-separation-tank/,,,
Hydrozyklon-Trennanlage,HERBOLD,D 250,15,kW,1500,kg/h,0.00366,kg CO2eq pro kg,0.366,kg CO2eq pro kWh,,Trennen,Hydrozyklon,"PET, PVC",,https://www.herbold.com/wp-content/uploads/pdf/datenblaetter-2019/47-Hydrozyklone/Herbold-Meckesheim-Infoblatt-Hydrosyklone_DE.pdf,,,
Hydrozyklon-Trennanlage,HERBOLD,D 250,15,kW,1500,kg/h,0.00366,kg CO2eq pro kg,0.366,kg CO2eq pro kWh,,Trennen,Hydrozyklon,HDPE,,https://www.herbold.com/wp-content/uploads/pdf/datenblaetter-2019/47-Hydrozyklone/Herbold-Meckesheim-Infoblatt-Hydrosyklone_DE.pdf,,,
Hydrozyklon-Trennanlage,HERBOLD,D 350,30,kW,2500,kg/h,0.004392,kg CO2eq pro kg,0.366,kg CO2eq pro kWh,,Trennen,Hydrozyklon,"PET, PVC",,https://www.herbold.com/wp-content/uploads/pdf/datenblaetter-2019/47-Hydrozyklone/Herbold-Meckesheim-Infoblatt-Hydrosyklone_DE.pdf,,,
Hydrozyklon-Trennanlage,HERBOLD,D 350,30,kW,2500,kg/h,0.004392,kg CO2eq pro kg,0.366,kg CO2eq pro kWh,,Trennen,Hydrozyklon,HDPE,,https://www.herbold.com/wp-content/uploads/pdf/datenblaetter-2019/47-Hydrozyklone/Herbold-Meckesheim-Infoblatt-Hydrosyklone_DE.pdf,,,
Hydrozyklon-Trennanlage,HERBOLD,D 350,30,kW,800,kg/h,0.013725,kg CO2eq pro kg,0.366,kg CO2eq pro kWh,,Trennen,Hydrozyklon,LDPE,,https://www.herbold.com/wp-content/uploads/pdf/datenblaetter-2019/47-Hydrozyklone/Herbold-Meckesheim-Infoblatt-Hydrosyklone_DE.pdf,,,
Hydrozyklon-Trennanlage,HERBOLD,D 550,45,kW,3500,kg/h,0.004705714286,kg CO2eq pro kg,0.366,kg CO2eq pro kWh,,Trennen,Hydrozyklon,"PET, PVC",,https://www.herbold.com/wp-content/uploads/pdf/datenblaetter-2019/47-Hydrozyklone/Herbold-Meckesheim-Infoblatt-Hydrosyklone_DE.pdf,,,
Hydrozyklon-Trennanlage,HERBOLD,D 550,45,kW,3500,kg/h,0.004705714286,kg CO2eq pro kg,0.366,kg CO2eq pro kWh,,Trennen,Hydrozyklon,HDPE,,https://www.herbold.com/wp-content/uploads/pdf/datenblaetter-2019/47-Hydrozyklone/Herbold-Meckesheim-Infoblatt-Hydrosyklone_DE.pdf,,,
Hydrozyklon-Trennanlage,HERBOLD,D 550,45,kW,1800,kg/h,0.00915,kg CO2eq pro kg,0.366,kg CO2eq pro kWh,,Trennen,Hydrozyklon,LDPE,,https://www.herbold.com/wp-content/uploads/pdf/datenblaetter-2019/47-Hydrozyklone/Herbold-Meckesheim-Infoblatt-Hydrosyklone_DE.pdf,,,
Luftabscheidevorrichtung,ASG,FX7000,15,kW,,kg/h,#DIV/0!,kg CO2eq pro kg,0.366,kg CO2eq pro kWh,,Trennen,Sonstige,"HDPE, PET",!Durchsatzleistung fehlt!,https://www.plasticrecyclingmachine.net/air-separator/,,,
Luftabscheidevorrichtung,ASG,FX8000,22,kW,,kg/h,#DIV/0!,kg CO2eq pro kg,0.366,kg CO2eq pro kWh,,Trennen,Sonstige,,!Durchsatzleistung fehlt!,https://www.plasticrecyclingmachine.net/air-separator/,,,
Scheibenseparator,ASG,DXS1800,,kW,,kg/h,#DIV/0!,kg CO2eq pro kg,0.366,kg CO2eq pro kWh,,Trennen,Sonstige,,!Durchsatzleistung fehlt!,https://www.plasticrecyclingmachine.net/disk-separator/,,,
Scheibenseparator,ASG,DXS1500,,kW,,kg/h,#DIV/0!,kg CO2eq pro kg,0.366,kg CO2eq pro kWh,,Trennen,Sonstige,,!Durchsatzleistung fehlt!,https://www.plasticrecyclingmachine.net/disk-separator/,,,
Trommel,ASG,,28,kW,,kg/h,#DIV/0!,kg CO2eq pro kg,0.366,kg CO2eq pro kWh,,Trennen,Sonstige,,!Durchsatzleistung fehlt!,https://www.plasticrecyclingmachine.net/trommel/,,,
Schwerkraftsichter,HERBOLD,SZS1 630/212,,kW,2000,kg/h,0,kg CO2eq pro kg,0.366,kg CO2eq pro kWh,,Trennen,Sonstige,,*weitere Versionen verfügbar*,https://www.herbold.com/wp-content/uploads/pdf/datenblaetter-2019/41-Schwerkraftsichter-SZS/Herbold-Meckesheim-Infoblatt-Schwerkraftsichter-SZS_DE.pdf,,,
Zickzack-Luftsichter,ASG,,7,kW,,kg/h,#DIV/0!,kg CO2eq pro kg,0.366,kg CO2eq pro kWh,,Trennen,Zick-Zack-Windsichter,,!Durchsatzleistung fehlt!,https://www.plasticrecyclingmachine.net/zig-zag-air-classifier/,,,
Zickzack-Windsichter,JÖST,LZS 12/120 x 360,4,kW,1500,kg/h,0.000976,kg CO2eq pro kg,0.366,kg CO2eq pro kWh,,Trennen,Zick-Zack-Windsichter,,,https://www.joest.com/wp-content/uploads/2016/06/J%C3%96ST-Zick-Zack-Windsichter-W.001.09.DE_.pdf,,,
Zickzack-Windsichter,JÖST,LZS 12/180 x 900,7.5,kW,5800,kg/h,0.0004732758621,kg CO2eq pro kg,0.366,kg CO2eq pro kWh,,Trennen,Zick-Zack-Windsichter,,,https://www.joest.com/wp-content/uploads/2016/06/J%C3%96ST-Zick-Zack-Windsichter-W.001.09.DE_.pdf,,,
Zickzack-Windsichter,JÖST,LZS 9/250 x 1500,20,kW,14000,kg/h,0.0005228571429,kg CO2eq pro kg,0.366,kg CO2eq pro kWh,,Trennen,Zick-Zack-Windsichter,,,https://www.joest.com/wp-content/uploads/2016/06/J%C3%96ST-Zick-Zack-Windsichter-W.001.09.DE_.pdf,,,
Zickzack-Windsichter,JÖST,LZS 6/250 x 2000,30,kW,18000,kg/h,0.00061,kg CO2eq pro kg,0.366,kg CO2eq pro kWh,,Trennen,Zick-Zack-Windsichter,,,https://www.joest.com/wp-content/uploads/2016/06/J%C3%96ST-Zick-Zack-Windsichter-W.001.09.DE_.pdf,,,
Vertikale Entschalungsmaschine,ASG,,15,kW,,kg/h,#DIV/0!,kg CO2eq pro kg,0.366,kg CO2eq pro kWh,,Trennen,Sonstige,"PET, HDPE",!Durchsatzleistung fehlt!,https://www.plasticrecyclingmachine.net/vertical-debaler-machine/,,,
Horizontale Entschalungsmaschine,ASG,,13,kW,,kg/h,#DIV/0!,kg CO2eq pro kg,0.366,kg CO2eq pro kWh,,Trennen,Sonstige,"PET, HDPE",!Durchsatzleistung fehlt!,https://www.plasticrecyclingmachine.net/horizontal-debaler-machine/,,,
Überbandmagnetabscheider,SOLLAU,DND-AC,,kW,,kg/h,#DIV/0!,kg CO2eq pro kg,0.366,kg CO2eq pro kWh,,Trennen,Magnetabscheider ,,!Keine Daten verfügbar!,https://www.sollau.de/uberbandmagnetabscheider-dnd-ac,,,
Überbandmagnetabscheider,MAGNETIX,SNK 80-80,4.3,kW,,kg/h,#DIV/0!,kg CO2eq pro kg,0.366,kg CO2eq pro kWh,,Trennen,Magnetabscheider ,,!Durchsatzleistung fehlt!,https://metalseparators.de/files/files/Katalog%202020DE/Uberband%20magnetabscheider%20-%20electromagnet.pdf,,,
Überbandmagnetabscheider,MAGNETIX,SNK 200-280,39,kW,,kg/h,#DIV/0!,kg CO2eq pro kg,0.366,kg CO2eq pro kWh,,Trennen,Magnetabscheider ,,!Durchsatzleistung fehlt!,https://metalseparators.de/files/files/Katalog%202020DE/Uberband%20magnetabscheider%20-%20electromagnet.pdf,,,
Permanent-Überbandmagnetabscheider,MAGNETIX,STM 60-60,0.75,kW,,kg/h,#DIV/0!,kg CO2eq pro kg,0.366,kg CO2eq pro kWh,,Trennen,Magnetabscheider ,,!Durchsatzleistung fehlt!,"https://metalseparators.de/permanent-uberbandmagnetabscheider-stm,4,de,2,1,68.html",,,
Permanent-Überbandmagnetabscheider,MAGNETIX,STM 160-130,4,kW,,kg/h,#DIV/0!,kg CO2eq pro kg,0.366,kg CO2eq pro kWh,,Trennen,Magnetabscheider ,,!Durchsatzleistung fehlt!,"https://metalseparators.de/permanent-uberbandmagnetabscheider-stm,4,de,2,1,68.html",,,
Magnettrommel,MAGNETIX,SBM,,kW,,kg/h,#DIV/0!,kg CO2eq pro kg,0.366,kg CO2eq pro kWh,,Trennen,Magnetabscheider ,,!Durchsatzleistung fehlt!,"https://metalseparators.de/trommel-magnetabscheider-sbm,4,de,2,1,72.html",,,
Magnettrommelseparator,ASG,,,kW,,kg/h,#DIV/0!,kg CO2eq pro kg,0.366,kg CO2eq pro kWh,,Trennen,Magnetabscheider ,,!Durchsatzleistung fehlt!,https://www.plasticrecyclingmachine.net/magnetic-drum-separator/,,,
Magnettrommel,SOLLAU,MB 154 F 400,,kW,750,kg/h,0,kg CO2eq pro kg,0.366,kg CO2eq pro kWh,,Trennen,Magnetabscheider ,,"!Leistungsangabe fehlt!
Weitere Größen verfügbar.",https://www.sollau.de/magnettrommel-mb?gclid=Cj0KCQjw3IqSBhCoARIsAMBkTb3Dn8hXjYkISxB5glPdFAfE3o4E1ifMYpAwztdZryMj8niF2q7O-T0aAljJEALw_wcB,,,
Magnetwalze,SOLLAU,MV,,kW,,kg/h,#DIV/0!,kg CO2eq pro kg,0.366,kg CO2eq pro kWh,,Trennen,Magnetabscheider ,,!Keine Daten verfügbar!,https://www.sollau.de/magnetwalze-mv,,,
Schwebemagnetabscheider,ASG,,,kW,,kg/h,#DIV/0!,kg CO2eq pro kg,0.366,kg CO2eq pro kWh,,Trennen,Magnetabscheider ,,!Durchsatzleistung fehlt!,https://www.plasticrecyclingmachine.net/suspension-magnetic-separator/,,,
Wirbelstromabscheider,ASG,LXJ-850,7,kW,,kg/h,#DIV/0!,kg CO2eq pro kg,0.366,kg CO2eq pro kWh,,Trennen,Wirbelstromabscheider,PVC,!Durchsatzleistung fehlt!,https://www.plasticrecyclingmachine.net/eddy-current-separator/,,,
Wirbelstromabscheider,MAGNETIX,SWP 60,4.3,kW,,kg/h,#DIV/0!,kg CO2eq pro kg,0.366,kg CO2eq pro kWh,,Trennen,Wirbelstromabscheider,,!Durchsatzleistung fehlt!,https://metalseparators.de/files/files/Katalog%202020DE/NE%20Metalabscheider.pdf,,,
Wirbelstromabscheider,MAGNETIX,SWP 100,5.85,kW,,kg/h,#DIV/0!,kg CO2eq pro kg,0.366,kg CO2eq pro kWh,,Trennen,Wirbelstromabscheider,,!Durchsatzleistung fehlt!,https://metalseparators.de/files/files/Katalog%202020DE/NE%20Metalabscheider.pdf,,,
Wirbelstromabscheider,MAGNETIX,SWP 150,7.75,kW,,kg/h,#DIV/0!,kg CO2eq pro kg,0.366,kg CO2eq pro kWh,,Trennen,Wirbelstromabscheider,,!Durchsatzleistung fehlt!,https://metalseparators.de/files/files/Katalog%202020DE/NE%20Metalabscheider.pdf,,,
Wirbelstromabscheider,MAGNETIX,SWP 200,10.8,kW,,kg/h,#DIV/0!,kg CO2eq pro kg,0.366,kg CO2eq pro kWh,,Trennen,Wirbelstromabscheider,,!Durchsatzleistung fehlt!,https://metalseparators.de/files/files/Katalog%202020DE/NE%20Metalabscheider.pdf,,,
Wirbelstromabscheider,SOLLAU,ESC-C 600 RAM,2.25,kW,,kg/h,#DIV/0!,kg CO2eq pro kg,0.366,kg CO2eq pro kWh,,Trennen,Wirbelstromabscheider,,"!Durchsatzleistung fehlt!
!Leistungsangabe evtl nicht stimmig!",https://www.sollau.de/separator-von-nichteisenmetallen-ecs,,,
Wirbelstromvorabscheider,ASG,,,kW,,kg/h,#DIV/0!,kg CO2eq pro kg,0.366,kg CO2eq pro kWh,,Trennen,Wirbelstromabscheider,,!Keine Daten verfügbar!,https://www.plasticrecyclingmachine.net/advance-eddy-current-separator/,,,
CCD-Kamera-Farbsortierer,WENYAO,6-SXM-128,1.1,kW,4000,kg/h,0.00010065,kg CO2eq pro kg,0.366,kg CO2eq pro kWh,,Trennen,Kamera Farbsortierung,PET-Flaschen,,https://de.made-in-china.com/co_wycolorsorter/product_Pet-Bottle-Flakes-CCD-Camera-Color-Sorter-Plastic-Recycling-Sorting-Machine_enhniueuy.html,,,
CCD-Kamera-Farbsortierer,WENYAO,6-SXM-256,2.3,kW,8000,kg/h,0.000105225,kg CO2eq pro kg,0.366,kg CO2eq pro kWh,,Trennen,Kamera Farbsortierung,PET-Flaschen,,https://de.made-in-china.com/co_wycolorsorter/product_Pet-Bottle-Flakes-CCD-Camera-Color-Sorter-Plastic-Recycling-Sorting-Machine_enhniueuy.html,,,
CCD-Kamera-Farbsortierer,WENYAO,6-SXM-384,3.1,kW,12000,kg/h,0.00009455,kg CO2eq pro kg,0.366,kg CO2eq pro kWh,,Trennen,Kamera Farbsortierung,PET-Flaschen,,https://de.made-in-china.com/co_wycolorsorter/product_Pet-Bottle-Flakes-CCD-Camera-Color-Sorter-Plastic-Recycling-Sorting-Machine_enhniueuy.html,,,
CCD-Kamera-Farbsortierer,WENYAO,6-SXM-512,5,kW,16000,kg/h,0.000114375,kg CO2eq pro kg,0.366,kg CO2eq pro kWh,,Trennen,Kamera Farbsortierung,PET-Flaschen,,https://de.made-in-china.com/co_wycolorsorter/product_Pet-Bottle-Flakes-CCD-Camera-Color-Sorter-Plastic-Recycling-Sorting-Machine_enhniueuy.html,,,
CCD-Kamera-Farbsortierer,WENYAO,6-SXM-768,7,kW,24000,kg/h,0.00010675,kg CO2eq pro kg,0.366,kg CO2eq pro kWh,,Trennen,Kamera Farbsortierung,PET-Flaschen,,https://de.made-in-china.com/co_wycolorsorter/product_Pet-Bottle-Flakes-CCD-Camera-Color-Sorter-Plastic-Recycling-Sorting-Machine_enhniueuy.html,,,
CCD-Kamera-Farbsortierer,TAIHO,6SXG-315,3.3,kW,1500,kg/h,0.0008052,kg CO2eq pro kg,0.366,kg CO2eq pro kWh,,Trennen,Kamera Farbsortierung,PVC flakes,,https://german.alibaba.com/product-detail/ccd-colour-camera-industrial-plastic-color-sorting-machine-441043539.html,,,
CCD-Kamera-Farbsortierer,TAIHO,6SXG-441	,4.4,kW,2000,kg/h,0.0008052,kg CO2eq pro kg,0.366,kg CO2eq pro kWh,,Trennen,Kamera Farbsortierung,PVC flakes,,https://german.alibaba.com/product-detail/ccd-colour-camera-industrial-plastic-color-sorting-machine-441043539.html,,,
CCD-Kamera-Farbsortierer,TAIHO,6SXG-630	,6.2,kW,3000,kg/h,0.0007564,kg CO2eq pro kg,0.366,kg CO2eq pro kWh,,Trennen,Kamera Farbsortierung,PVC flakes,,https://german.alibaba.com/product-detail/ccd-colour-camera-industrial-plastic-color-sorting-machine-441043539.html,,,
CCD-Kamera-Farbsortierer,TAIHO,6SXG-1008	,10,kW,5000,kg/h,0.000732,kg CO2eq pro kg,0.366,kg CO2eq pro kWh,,Trennen,Kamera Farbsortierung,PVC flakes,,https://german.alibaba.com/product-detail/ccd-colour-camera-industrial-plastic-color-sorting-machine-441043539.html,,,
CCD-Kamera-Farbsortierer,TAIHO,6SXG-1200	,3,kW,2000,kg/h,0.000549,kg CO2eq pro kg,0.366,kg CO2eq pro kWh,,Trennen,Kamera Farbsortierung,PVC flakes,,https://german.alibaba.com/product-detail/ccd-colour-camera-industrial-plastic-color-sorting-machine-441043539.html,,,
Mechanischer Trockner,NEUE HERBOLD,TM 1005,55.75,kW,1000,kg/h,0.0204045,kg CO2eq pro kg,0.366,kg CO2eq pro kWh,,Trocknen,mechanischer Trockner /  Zentrifugaltrockner,,,https://neue-herbold.com/wp-content/uploads/2014/12/TM1005_mechanischer_Trockner.pdf,,,
Mechanischer Trockner,HERBOLD,T 508,,kW,800,kg/h,0,kg CO2eq pro kg,0.366,kg CO2eq pro kWh,,Trocknen,mechanischer Trockner /  Zentrifugaltrockner,Hartkunststoffe,!Leistungsangabe fehlt!,https://www.herbold.com/wp-content/uploads/pdf/datenblaetter-2019/49-Mechanischer-Trockner/Herbold-Meckesheim-Infoblatt-Mechanischer-Trockner_DE.pdf,,,
Thermotrockner,ASG,RSJ800,41.5,kW,,kg/h,#DIV/0!,kg CO2eq pro kg,0.366,kg CO2eq pro kWh,,Trocknen,thermischer Trockner,,,https://www.plasticrecyclingmachine.net/thermal-dryer/,,,
Thermischer Trockner,HERBOLD,TNT 250,15,kW,800,kg/h,0.0068625,kg CO2eq pro kg,0.366,kg CO2eq pro kWh,,Trocknen,thermischer Trockner,LDPE,,https://www.herbold.com/wp-content/uploads/pdf/datenblaetter-2019/48-Thermischer-Trockner/Herbold-Meckesheim-Infoblatt-Thermischer-Trockner_DE.pdf,,,
Thermischer Trockner,HERBOLD,TNT 250,15,kW,2000,kg/h,0.002745,kg CO2eq pro kg,0.366,kg CO2eq pro kWh,,Trocknen,thermischer Trockner,"HDPE, PET",,https://www.herbold.com/wp-content/uploads/pdf/datenblaetter-2019/48-Thermischer-Trockner/Herbold-Meckesheim-Infoblatt-Thermischer-Trockner_DE.pdf,,,
Thermischer Trockner,HERBOLD,TNT 500,37,kW,1500,kg/h,0.009028,kg CO2eq pro kg,0.366,kg CO2eq pro kWh,,Trocknen,thermischer Trockner,LDPE,,https://www.herbold.com/wp-content/uploads/pdf/datenblaetter-2019/48-Thermischer-Trockner/Herbold-Meckesheim-Infoblatt-Thermischer-Trockner_DE.pdf,,,
Thermischer Trockner,HERBOLD,TNT 500,37,kW,4000,kg/h,0.0033855,kg CO2eq pro kg,0.366,kg CO2eq pro kWh,,Trocknen,thermischer Trockner,"HDPE, PET",,https://www.herbold.com/wp-content/uploads/pdf/datenblaetter-2019/48-Thermischer-Trockner/Herbold-Meckesheim-Infoblatt-Thermischer-Trockner_DE.pdf,,,
Thermischer Trockner,HERBOLD,TNT 1000,37,kW,1800,kg/h,0.007523333333,kg CO2eq pro kg,0.366,kg CO2eq pro kWh,,Trocknen,thermischer Trockner,LDPE,,https://www.herbold.com/wp-content/uploads/pdf/datenblaetter-2019/48-Thermischer-Trockner/Herbold-Meckesheim-Infoblatt-Thermischer-Trockner_DE.pdf,,,
Thermischer Trockner,HERBOLD,TNT 1000,37,kW,5000,kg/h,0.0027084,kg CO2eq pro kg,0.366,kg CO2eq pro kWh,,Trocknen,thermischer Trockner,HDPE,,https://www.herbold.com/wp-content/uploads/pdf/datenblaetter-2019/48-Thermischer-Trockner/Herbold-Meckesheim-Infoblatt-Thermischer-Trockner_DE.pdf,,,
Vertikaler Trockner,HERBOLD,HVT 50/100,22,kW,1000,kg/h,0.008052,kg CO2eq pro kg,0.366,kg CO2eq pro kWh,,Trocknen,mechanischer Trockner /  Zentrifugaltrockner,Hartkunststoffe,,https://www.herbold.com/wp-content/uploads/pdf/information/60_information-de.pdf,,,
Vertikaler Trockner,HERBOLD,HVT 50/100,22,kW,1200,kg/h,0.00671,kg CO2eq pro kg,0.366,kg CO2eq pro kWh,,Trocknen,mechanischer Trockner /  Zentrifugaltrockner,PET Flakes,,https://www.herbold.com/wp-content/uploads/pdf/information/60_information-de.pdf,,,
Vertikaler Trockner,HERBOLD,HVT 90/150,45,kW,3000,kg/h,0.00549,kg CO2eq pro kg,0.366,kg CO2eq pro kWh,,Trocknen,mechanischer Trockner /  Zentrifugaltrockner,Hartkunststoffe,,https://www.herbold.com/wp-content/uploads/pdf/information/60_information-de.pdf,,,
Vertikaler Trockner,HERBOLD,HVT 90/150,45,kW,3500,kg/h,0.004705714286,kg CO2eq pro kg,0.366,kg CO2eq pro kWh,,Trocknen,mechanischer Trockner /  Zentrifugaltrockner,PET Flakes,,https://www.herbold.com/wp-content/uploads/pdf/information/60_information-de.pdf,,,
Vertikaler Trockner,HERBOLD,HVT 120/230,90,kW,5000,kg/h,0.006588,kg CO2eq pro kg,0.366,kg CO2eq pro kWh,,Trocknen,mechanischer Trockner /  Zentrifugaltrockner,Hartkunststoffe,,https://www.herbold.com/wp-content/uploads/pdf/information/60_information-de.pdf,,,
Vertikaler Trockner,HERBOLD,HVT 120/230,90,kW,5000,kg/h,0.006588,kg CO2eq pro kg,0.366,kg CO2eq pro kWh,,Trocknen,mechanischer Trockner /  Zentrifugaltrockner,PET Flakes,,https://www.herbold.com/wp-content/uploads/pdf/information/60_information-de.pdf,,,
Vertikaler Trockner,HERBOLD,HVT 120/360,110,kW,8000,kg/h,0.0050325,kg CO2eq pro kg,0.366,kg CO2eq pro kWh,,Trocknen,mechanischer Trockner /  Zentrifugaltrockner,Hartkunststoffe,,https://www.herbold.com/wp-content/uploads/pdf/information/60_information-de.pdf,,,
Vertikaler Trockner,HERBOLD,HVT 120/360,110,kW,8000,kg/h,0.0050325,kg CO2eq pro kg,0.366,kg CO2eq pro kWh,,Trocknen,mechanischer Trockner /  Zentrifugaltrockner,PET Flakes,,https://www.herbold.com/wp-content/uploads/pdf/information/60_information-de.pdf,,,
Stufentrockner,NEUE HERBOLD,T 9/5,19.05,kW,500,kg/h,0.0139446,kg CO2eq pro kg,0.366,kg CO2eq pro kWh,,Trocknen,mechanischer Trockner /  Zentrifugaltrockner,,,https://neue-herbold.com/wp-content/uploads/2015/01/T_Stufentrockner.pdf,,,
Stufentrockner,NEUE HERBOLD,T 12/5,32.95,kW,1200,kg/h,0.01004975,kg CO2eq pro kg,0.366,kg CO2eq pro kWh,,Trocknen,mechanischer Trockner /  Zentrifugaltrockner,,,https://neue-herbold.com/wp-content/uploads/2015/01/T_Stufentrockner.pdf,,,
Stufentrockner,NEUE HERBOLD,T 15/5,39.95,kW,2200,kg/h,0.006646227273,kg CO2eq pro kg,0.366,kg CO2eq pro kWh,,Trocknen,mechanischer Trockner /  Zentrifugaltrockner,,,https://neue-herbold.com/wp-content/uploads/2015/01/T_Stufentrockner.pdf,,,
Verdichtungsanlage/Presse,HUSMANN,MP 1300,7.5,kW,11770,kg/h,0.000233220051,kg CO2eq pro kg,0.366,kg CO2eq pro kWh,,Trocknen,Presse,,,https://www.amis.de/maschine/verdichtungsanlage-presse-typ-mp-1300/,,,
Verdichtungsanlage/Presse,HUSMANN,MP 1600,11,kW,15400,kg/h,0.0002614285714,kg CO2eq pro kg,0.366,kg CO2eq pro kWh,,Trocknen,Presse,,,https://www.amis.de/maschine/husmann-verdichtungsanlage-presse-typ-mp-1600/,,,
Entwässerungsschnecke,HERBOLD,EPS 75,55,kW,,kg/h,#DIV/0!,kg CO2eq pro kg,0.366,kg CO2eq pro kWh,,Trocknen,Presse,,!Durchsatzleistung fehlt!,https://www.herbold.com/wp-content/uploads/pdf/information/53_information-de.pdf,,,
"Schneckenpresse für Kunststofffolien, Quetsch- und Verdichtungsanlage",ASG,JG-500,91.85,kW,550,kg/h,0.061122,kg CO2eq pro kg,0.366,kg CO2eq pro kWh,,Trocknen,Presse,,,https://www.plasticrecyclingmachine.net/plastic-film-screw-press-squeezer-densifier-system/,,,
"Schneckenpresse für Kunststofffolien, Quetsch- und Verdichtungsanlage",ASG,JG-1000,161.85,kW,750,kg/h,0.0789828,kg CO2eq pro kg,0.366,kg CO2eq pro kWh,,Trocknen,Presse,,,https://www.plasticrecyclingmachine.net/plastic-film-screw-press-squeezer-densifier-system/,,,
Schneckenpresse Entwässerungsanlage,ASG,,,kW,,kg/h,#DIV/0!,kg CO2eq pro kg,0.366,kg CO2eq pro kWh,,Trocknen,Presse,,,https://www.plasticrecyclingmachine.net/screw-press-dewatering-machine/,,,
Zentrifugaltrockner Entwässerungsmaschine,ASG,HXJ400,37,kW,600,kg/h,0.02257,kg CO2eq pro kg,0.366,kg CO2eq pro kWh,,Trocknen,mechanischer Trockner /  Zentrifugaltrockner,,,https://www.plasticrecyclingmachine.net/centrifugal-dryer-dewatering-machine/,,,
Zentrifugaltrockner Entwässerungsmaschine,ASG,HXJ550,45,kW,800,kg/h,0.0205875,kg CO2eq pro kg,0.366,kg CO2eq pro kWh,,Trocknen,mechanischer Trockner /  Zentrifugaltrockner,,,https://www.plasticrecyclingmachine.net/centrifugal-dryer-dewatering-machine/,,,
Zentrifugaltrockner Entwässerungsmaschine,ASG,HXJ750,55,kW,1600,kg/h,0.01258125,kg CO2eq pro kg,0.366,kg CO2eq pro kWh,,Trocknen,mechanischer Trockner /  Zentrifugaltrockner,,,https://www.plasticrecyclingmachine.net/centrifugal-dryer-dewatering-machine/,,,
Vakuumtrockner für das Recycling von PET,ASG,APZ-500,2.2,kW,,kg/h,#DIV/0!,kg CO2eq pro kg,0.366,kg CO2eq pro kWh,,Trocknen,Vakuumtrockner,,!Durchsatzleistung fehlt!,https://www.plasticrecyclingmachine.net/vacuum-dryer-for-pet-recycling/,,,
Vakuumtrockner für das Recycling von PET,ASG,APZ-1000,4,kW,,kg/h,#DIV/0!,kg CO2eq pro kg,0.366,kg CO2eq pro kWh,,Trocknen,Vakuumtrockner,,!Durchsatzleistung fehlt!,https://www.plasticrecyclingmachine.net/vacuum-dryer-for-pet-recycling/,,,
Vakuumtrockner für das Recycling von PET,ASG,APZ-1500,4,kW,,kg/h,#DIV/0!,kg CO2eq pro kg,0.366,kg CO2eq pro kWh,,Trocknen,Vakuumtrockner,,!Durchsatzleistung fehlt!,https://www.plasticrecyclingmachine.net/vacuum-dryer-for-pet-recycling/,,,
Vakuumtrockner für das Recycling von PET,ASG,APZ-2000,5,kW,,kg/h,#DIV/0!,kg CO2eq pro kg,0.366,kg CO2eq pro kWh,,Trocknen,Vakuumtrockner,,!Durchsatzleistung fehlt!,https://www.plasticrecyclingmachine.net/vacuum-dryer-for-pet-recycling/,,,
Plastkompaktor,HERBOLD,HV,,kW,,kg/h,#DIV/0!,kg CO2eq pro kg,0.366,kg CO2eq pro kWh,,"Agglomerieren, Verdichten",Agglomerator,,!Keine klare Zuordnung!,https://www.herbold.com/wp-content/uploads/pdf/brochures/herbold-hv-de.pdf,,,
Plast-Agglomerator,PALLMANN,PFV,,kW,,kg/h,#DIV/0!,kg CO2eq pro kg,0.366,kg CO2eq pro kWh,,"Agglomerieren, Verdichten",Agglomerator,,!Keine klare Zuordnung!,https://www.pallmann.eu/fileadmin/user_upload/K_650_DE_Agglomerieren.pdf,,,
,,,,kW,,kg/h,#DIV/0!,kg CO2eq pro kg,0.366,kg CO2eq pro kWh,,,,,,,,,
,,,,kW,,kg/h,#DIV/0!,kg CO2eq pro kg,0.366,kg CO2eq pro kWh,,,,,,,,,
,,,,kW,,kg/h,#DIV/0!,kg CO2eq pro kg,0.366,kg CO2eq pro kWh,,,,,,,,,
,,,,kW,,kg/h,#DIV/0!,kg CO2eq pro kg,0.366,kg CO2eq pro kWh,,,,,,,,,
,,,,kW,,kg/h,#DIV/0!,kg CO2eq pro kg,0.366,kg CO2eq pro kWh,,,,,,,,,
,,,,kW,,kg/h,#DIV/0!,kg CO2eq pro kg,0.366,kg CO2eq pro kWh,,,,,,,,,
,,,,kW,,kg/h,#DIV/0!,kg CO2eq pro kg,0.366,kg CO2eq pro kWh,,,,,,,,,
,,,,kW,,kg/h,#DIV/0!,kg CO2eq pro kg,0.366,kg CO2eq pro kWh,,,,,,,,,
,,,,kW,,kg/h,#DIV/0!,kg CO2eq pro kg,0.366,kg CO2eq pro kWh,,,,,,,,,
,,,,kW,,kg/h,#DIV/0!,kg CO2eq pro kg,0.366,kg CO2eq pro kWh,,,,,,,,,
,,,,kW,,kg/h,#DIV/0!,kg CO2eq pro kg,0.366,kg CO2eq pro kWh,,,,,,,,,
,,,,kW,,kg/h,#DIV/0!,kg CO2eq pro kg,0.366,kg CO2eq pro kWh,,,,,,,,,
,,,,kW,,kg/h,#DIV/0!,kg CO2eq pro kg,0.366,kg CO2eq pro kWh,,,,,,,,,
,,,,kW,,kg/h,#DIV/0!,kg CO2eq pro kg,0.366,kg CO2eq pro kWh,,,,,,,,,
,,,,kW,,kg/h,#DIV/0!,kg CO2eq pro kg,0.366,kg CO2eq pro kWh,,,,,,,,,
,,,,kW,,kg/h,#DIV/0!,kg CO2eq pro kg,0.366,kg CO2eq pro kWh,,,,,,,,,
,,,,kW,,kg/h,#DIV/0!,kg CO2eq pro kg,0.366,kg CO2eq pro kWh,,,,,,,,,
,,,,kW,,kg/h,#DIV/0!,kg CO2eq pro kg,0.366,kg CO2eq pro kWh,,,,,,,,,
,,,,kW,,kg/h,#DIV/0!,kg CO2eq pro kg,0.366,kg CO2eq pro kWh,,,,,,,,,
,,,,kW,,kg/h,#DIV/0!,kg CO2eq pro kg,0.366,kg CO2eq pro kWh,,,,,,,,,
,,,,kW,,kg/h,#DIV/0!,kg CO2eq pro kg,0.366,kg CO2eq pro kWh,,,,,,,,,
,,,,kW,,kg/h,#DIV/0!,kg CO2eq pro kg,0.366,kg CO2eq pro kWh,,,,,,,,,
,,,,kW,,kg/h,#DIV/0!,kg CO2eq pro kg,0.366,kg CO2eq pro kWh,,,,,,,,,
,,,,kW,,kg/h,#DIV/0!,kg CO2eq pro kg,0.366,kg CO2eq pro kWh,,,,,,,,,
,,,,kW,,kg/h,#DIV/0!,kg CO2eq pro kg,0.366,kg CO2eq pro kWh,,,,,,,,,
,,,,kW,,kg/h,#DIV/0!,kg CO2eq pro kg,0.366,kg CO2eq pro kWh,,,,,,,,,
,,,,kW,,kg/h,#DIV/0!,kg CO2eq pro kg,0.366,kg CO2eq pro kWh,,,,,,,,,
,,,,kW,,kg/h,#DIV/0!,kg CO2eq pro kg,0.366,kg CO2eq pro kWh,,,,,,,,,
,,,,kW,,kg/h,#DIV/0!,kg CO2eq pro kg,0.366,kg CO2eq pro kWh,,,,,,,,,
,,,,kW,,kg/h,#DIV/0!,kg CO2eq pro kg,0.366,kg CO2eq pro kWh,,,,,,,,,
,,,,kW,,kg/h,#DIV/0!,kg CO2eq pro kg,0.366,kg CO2eq pro kWh,,,,,,,,,
,,,,kW,,kg/h,#DIV/0!,kg CO2eq pro kg,0.366,kg CO2eq pro kWh,,,,,,,,,
,,,,kW,,kg/h,#DIV/0!,kg CO2eq pro kg,0.366,kg CO2eq pro kWh,,,,,,,,,
,,,,kW,,kg/h,#DIV/0!,kg CO2eq pro kg,0.366,kg CO2eq pro kWh,,,,,,,,,
,,,,kW,,kg/h,#DIV/0!,kg CO2eq pro kg,0.366,kg CO2eq pro kWh,,,,,,,,,
,,,,kW,,kg/h,#DIV/0!,kg CO2eq pro kg,0.366,kg CO2eq pro kWh,,,,,,,,,
,,,,kW,,kg/h,#DIV/0!,kg CO2eq pro kg,0.366,kg CO2eq pro kWh,,,,,,,,,
,,,,kW,,kg/h,#DIV/0!,kg CO2eq pro kg,0.366,kg CO2eq pro kWh,,,,,,,,,
,,,,kW,,kg/h,#DIV/0!,kg CO2eq pro kg,0.366,kg CO2eq pro kWh,,,,,,,,,
,,,,kW,,kg/h,#DIV/0!,kg CO2eq pro kg,0.366,kg CO2eq pro kWh,,,,,,,,,
,,,,kW,,kg/h,#DIV/0!,kg CO2eq pro kg,0.366,kg CO2eq pro kWh,,,,,,,,,
,,,,kW,,kg/h,#DIV/0!,kg CO2eq pro kg,0.366,kg CO2eq pro kWh,,,,,,,,,
,,,,kW,,kg/h,#DIV/0!,kg CO2eq pro kg,0.366,kg CO2eq pro kWh,,,,,,,,,
,,,,kW,,kg/h,#DIV/0!,kg CO2eq pro kg,0.366,kg CO2eq pro kWh,,,,,,,,,
,,,,kW,,kg/h,#DIV/0!,kg CO2eq pro kg,0.366,kg CO2eq pro kWh,,,,,,,,,
,,,,kW,,kg/h,#DIV/0!,kg CO2eq pro kg,0.366,kg CO2eq pro kWh,,,,,,,,,
,,,,kW,,kg/h,#DIV/0!,kg CO2eq pro kg,0.366,kg CO2eq pro kWh,,,,,,,,,
,,,,kW,,kg/h,#DIV/0!,kg CO2eq pro kg,0.366,kg CO2eq pro kWh,,,,,,,,,
,,,,kW,,kg/h,#DIV/0!,kg CO2eq pro kg,0.366,kg CO2eq pro kWh,,,,,,,,,
,,,,kW,,kg/h,#DIV/0!,kg CO2eq pro kg,0.366,kg CO2eq pro kWh,,,,,,,,,
,,,,kW,,kg/h,#DIV/0!,kg CO2eq pro kg,0.366,kg CO2eq pro kWh,,,,,,,,,
,,,,kW,,kg/h,#DIV/0!,kg CO2eq pro kg,0.366,kg CO2eq pro kWh,,,,,,,,,
,,,,kW,,kg/h,#DIV/0!,kg CO2eq pro kg,0.366,kg CO2eq pro kWh,,,,,,,,,
,,,,kW,,kg/h,#DIV/0!,kg CO2eq pro kg,0.366,kg CO2eq pro kWh,,,,,,,,,
,,,,kW,,kg/h,#DIV/0!,kg CO2eq pro kg,0.366,kg CO2eq pro kWh,,,,,,,,,
,,,,kW,,kg/h,#DIV/0!,kg CO2eq pro kg,0.366,kg CO2eq pro kWh,,,,,,,,,
,,,,kW,,kg/h,#DIV/0!,kg CO2eq pro kg,0.366,kg CO2eq pro kWh,,,,,,,,,
,,,,kW,,kg/h,#DIV/0!,kg CO2eq pro kg,0.366,kg CO2eq pro kWh,,,,,,,,,
,,,,kW,,kg/h,#DIV/0!,kg CO2eq pro kg,0.366,kg CO2eq pro kWh,,,,,,,,,
,,,,kW,,kg/h,#DIV/0!,kg CO2eq pro kg,0.366,kg CO2eq pro kWh,,,,,,,,,
,,,,kW,,kg/h,#DIV/0!,kg CO2eq pro kg,0.366,kg CO2eq pro kWh,,,,,,,,,
,,,,kW,,kg/h,#DIV/0!,kg CO2eq pro kg,0.366,kg CO2eq pro kWh,,,,,,,,,
,,,,kW,,kg/h,#DIV/0!,kg CO2eq pro kg,0.366,kg CO2eq pro kWh,,,,,,,,,
,,,,kW,,kg/h,#DIV/0!,kg CO2eq pro kg,0.366,kg CO2eq pro kWh,,,,,,,,,
,,,,kW,,kg/h,#DIV/0!,kg CO2eq pro kg,0.366,kg CO2eq pro kWh,,,,,,,,,
,,,,kW,,kg/h,#DIV/0!,kg CO2eq pro kg,0.366,kg CO2eq pro kWh,,,,,,,,,
,,,,kW,,kg/h,#DIV/0!,kg CO2eq pro kg,0.366,kg CO2eq pro kWh,,,,,,,,,
,,,,kW,,kg/h,#DIV/0!,kg CO2eq pro kg,0.366,kg CO2eq pro kWh,,,,,,,,,
,,,,kW,,kg/h,#DIV/0!,kg CO2eq pro kg,0.366,kg CO2eq pro kWh,,,,,,,,,
,,,,kW,,kg/h,#DIV/0!,kg CO2eq pro kg,0.366,kg CO2eq pro kWh,,,,,,,,,
,,,,kW,,kg/h,#DIV/0!,kg CO2eq pro kg,0.366,kg CO2eq pro kWh,,,,,,,,,
,,,,kW,,kg/h,#DIV/0!,kg CO2eq pro kg,0.366,kg CO2eq pro kWh,,,,,,,,,
,,,,kW,,kg/h,#DIV/0!,kg CO2eq pro kg,0.366,kg CO2eq pro kWh,,,,,,,,,
,,,,kW,,kg/h,#DIV/0!,kg CO2eq pro kg,0.366,kg CO2eq pro kWh,,,,,,,,,
,,,,kW,,kg/h,#DIV/0!,kg CO2eq pro kg,0.366,kg CO2eq pro kWh,,,,,,,,,
,,,,kW,,kg/h,#DIV/0!,kg CO2eq pro kg,0.366,kg CO2eq pro kWh,,,,,,,,,
,,,,kW,,kg/h,#DIV/0!,kg CO2eq pro kg,0.366,kg CO2eq pro kWh,,,,,,,,,
,,,,kW,,kg/h,#DIV/0!,kg CO2eq pro kg,0.366,kg CO2eq pro kWh,,,,,,,,,
,,,,kW,,kg/h,#DIV/0!,kg CO2eq pro kg,0.366,kg CO2eq pro kWh,,,,,,,,,
,,,,kW,,kg/h,#DIV/0!,kg CO2eq pro kg,0.366,kg CO2eq pro kWh,,,,,,,,,
,,,,kW,,kg/h,#DIV/0!,kg CO2eq pro kg,0.366,kg CO2eq pro kWh,,,,,,,,,
,,,,kW,,kg/h,#DIV/0!,kg CO2eq pro kg,0.366,kg CO2eq pro kWh,,,,,,,,,
,,,,kW,,kg/h,#DIV/0!,kg CO2eq pro kg,0.366,kg CO2eq pro kWh,,,,,,,,,
,,,,kW,,kg/h,#DIV/0!,kg CO2eq pro kg,0.366,kg CO2eq pro kWh,,,,,,,,,
,,,,kW,,kg/h,#DIV/0!,kg CO2eq pro kg,0.366,kg CO2eq pro kWh,,,,,,,,,
,,,,kW,,kg/h,#DIV/0!,kg CO2eq pro kg,0.366,kg CO2eq pro kWh,,,,,,,,,
,,,,kW,,kg/h,#DIV/0!,kg CO2eq pro kg,0.366,kg CO2eq pro kWh,,,,,,,,,
,,,,kW,,kg/h,#DIV/0!,kg CO2eq pro kg,0.366,kg CO2eq pro kWh,,,,,,,,,
,,,,kW,,kg/h,#DIV/0!,kg CO2eq pro kg,0.366,kg CO2eq pro kWh,,,,,,,,,